id,relationship_type_id,person1_id,person2_id
1,1,23,2346
2,1,2264,2346
3,1,2265,2547
4,1,2545,2547
5,1,2546,2547
6,1,2547,2265
7,1,2547,2545
8,1,2547,2546
9,1,2547,2610
10,1,2548,2557
11,1,2548,2599
12,1,2548,2866
13,1,2270,2565
14,1,2271,2565
15,1,2271,2301
16,1,2271,2640
17,1,2271,2764
18,1,2271,2770
19,1,2271,2863
20,1,2271,2505
21,1,2271,2875
22,1,2271,2211
23,1,2552,2555
24,1,2552,2579
25,1,2552,2771
26,1,2552,2494
27,1,2273,731
28,1,2273,2705
29,1,2273,2747
30,1,2273,2748
31,1,2273,2816
32,1,2273,2849
33,1,2273,2850
34,1,2553,23
35,1,2553,2264
36,1,2553,322
37,1,2553,2607
38,1,2553,2309
39,1,2553,2675
40,1,2553,2678
41,1,2553,853
42,1,2553,2679
43,1,2553,2680
44,1,2553,2371
45,1,2553,2372
46,1,2553,2380
47,1,2553,2721
48,1,2553,2722
49,1,2277,23
50,1,2277,2264
51,1,2277,2569
52,1,2277,2608
53,1,2277,2771
54,1,2277,2494
55,1,2554,23
56,1,2554,2264
57,1,2554,2557
58,1,2554,322
59,1,2554,2607
60,1,2554,2309
61,1,2554,2633
62,1,2554,2659
63,1,2554,2344
64,1,2554,2351
65,1,2554,2675
66,1,2554,2677
67,1,2554,2678
68,1,2554,853
69,1,2554,2679
70,1,2554,2680
71,1,2554,2380
72,1,2554,2721
73,1,2554,2722
74,1,2554,2765
75,1,2554,2766
76,1,2554,2767
77,1,2554,2771
78,1,2554,2427
79,1,2554,2435
80,1,2554,2794
81,1,2554,2459
82,1,80,23
83,1,80,2264
84,1,80,2557
85,1,80,249
86,1,80,2592
87,1,80,2300
88,1,80,2340
89,1,80,731
90,1,80,2659
91,1,80,2351
92,1,80,2399
93,1,80,2762
94,1,80,2763
95,1,80,2764
96,1,80,2765
97,1,80,2766
98,1,80,2767
99,1,80,2768
100,1,80,2769
101,1,80,2770
102,1,80,2771
103,1,80,2427
104,1,80,2793
105,1,80,2794
106,1,80,2796
107,1,80,2797
108,1,80,2459
109,1,80,2460
110,1,80,2503
111,1,80,2876
112,1,2555,23
113,1,2555,2264
114,1,2555,2552
115,1,2555,81
116,1,2555,2557
117,1,2555,2587
118,1,2555,2340
119,1,2555,2659
120,1,2555,2351
121,1,2555,2762
122,1,2555,2763
123,1,2555,2764
124,1,2555,2765
125,1,2555,2766
126,1,2555,2767
127,1,2555,2768
128,1,2555,2769
129,1,2555,2770
130,1,2555,2771
131,1,2555,2427
132,1,2555,2435
133,1,2555,2793
134,1,2555,2794
135,1,2555,2459
136,1,2555,2460
137,1,2555,2874
138,1,81,2554
139,1,81,80
140,1,81,2555
141,1,81,2558
142,1,81,2563
143,1,81,523
144,1,81,2686
145,1,81,2699
146,1,81,2399
147,1,81,2427
148,1,81,2433
149,1,81,2854
150,1,2557,23
151,1,2557,2264
152,1,2557,2548
153,1,2557,2554
154,1,2557,2555
155,1,2557,2587
156,1,2557,523
157,1,2557,2662
158,1,2557,2346
159,1,2557,2699
160,1,2557,2427
161,1,2557,2433
162,1,2557,2874
163,1,2558,23
164,1,2558,2264
165,1,2558,2553
166,1,2558,81
167,1,2558,2563
168,1,2558,2587
169,1,2558,2633
170,1,2558,2331
171,1,2558,2340
172,1,2558,2659
173,1,2558,2351
174,1,2558,2719
175,1,2558,2720
176,1,2558,2762
177,1,2558,2763
178,1,2558,2764
179,1,2558,2765
180,1,2558,2766
181,1,2558,2767
182,1,2558,2768
183,1,2558,2769
184,1,2558,2770
185,1,2558,2771
186,1,2558,2771
187,1,2558,2427
188,1,2558,2785
189,1,2558,2435
190,1,2558,2793
191,1,2558,2794
192,1,2558,2459
193,1,2280,2557
194,1,2559,2781
195,1,2560,2211
196,1,2561,2683
197,1,2562,2431
198,1,2562,2785
199,1,2518,2579
200,1,2518,322
201,1,2518,2607
202,1,2518,2309
203,1,2518,2662
204,1,2518,2344
205,1,2518,2346
206,1,2518,853
207,1,2518,2680
208,1,2518,2685
209,1,2518,2686
210,1,2518,2687
211,1,2518,2371
212,1,2518,2372
213,1,2518,2380
214,1,2518,2721
215,1,2518,2722
216,1,2563,81
217,1,2563,2558
218,1,2563,2587
219,1,2563,2633
220,1,2563,2340
221,1,2563,731
222,1,2563,2659
223,1,2563,2351
224,1,2563,2686
225,1,2563,2719
226,1,2563,2720
227,1,2563,2763
228,1,2563,2763
229,1,2563,2764
230,1,2563,2765
231,1,2563,2766
232,1,2563,2767
233,1,2563,2768
234,1,2563,2769
235,1,2563,2770
236,1,2563,2771
237,1,2563,2427
238,1,2563,2785
239,1,2563,2794
240,1,2563,2459
241,1,2563,2854
242,1,2563,2874
243,1,2565,2261
244,1,2565,2544
245,1,2565,2262
246,1,2565,2263
247,1,2565,2565
248,1,2565,322
249,1,2565,2309
250,1,2565,2344
251,1,2565,2675
252,1,2565,853
253,1,2565,2679
254,1,2565,2680
255,1,2565,2380
256,1,2565,2721
257,1,2565,2722
258,1,2285,2580
259,1,2285,2595
260,1,2285,322
261,1,2285,2607
262,1,2285,2309
263,1,2285,2662
264,1,2285,2344
265,1,2285,2346
266,1,2285,2514
267,1,2285,853
268,1,2285,2679
269,1,2285,2680
270,1,2285,2685
271,1,2285,2686
272,1,2285,2687
273,1,2285,2371
274,1,2285,2372
275,1,2285,2380
276,1,2285,2721
277,1,2285,2722
278,1,2569,2277
279,1,2574,2765
280,1,2575,2296
281,1,2575,2301
282,1,2575,2302
283,1,2575,2594
284,1,2575,2631
285,1,2575,2632
286,1,2575,2643
287,1,2575,2646
288,1,2575,2656
289,1,2575,730
290,1,2575,2657
291,1,2575,731
292,1,2575,2658
293,1,2575,2342
294,1,2575,2351
295,1,2575,2677
296,1,2575,2535
297,1,2575,2724
298,1,2575,2729
299,1,2575,2732
300,1,2575,2762
301,1,2575,2763
302,1,2575,2764
303,1,2575,2765
304,1,2575,2766
305,1,2575,2768
306,1,2575,2769
307,1,2575,2829
308,1,2575,2471
309,1,2575,2513
310,1,2575,2505
311,1,2577,2494
312,1,2578,2683
313,1,2578,1021
314,1,2578,2761
315,1,2289,2607
316,1,2289,2309
317,1,2289,2677
318,1,2289,2679
319,1,2289,2680
320,1,2289,2371
321,1,2289,2378
322,1,2290,2607
323,1,2290,2309
324,1,2290,2677
325,1,2290,2679
326,1,2290,2680
327,1,2290,2371
328,1,2290,2372
329,1,2291,2607
330,1,2291,2309
331,1,2291,2677
332,1,2291,2679
333,1,2291,2680
334,1,2291,2371
335,1,2291,2372
336,1,2523,2607
337,1,2523,2309
338,1,2523,2677
339,1,2523,2679
340,1,2523,2680
341,1,2523,2371
342,1,2523,2372
343,1,2579,2552
344,1,2579,2518
345,1,2579,2580
346,1,2579,2620
347,1,2579,730
348,1,2579,731
349,1,2579,2658
350,1,2579,732
351,1,2579,2659
352,1,2579,2660
353,1,2579,2661
354,1,2579,2662
355,1,2579,2344
356,1,2579,2346
357,1,2579,2718
358,1,2579,2417
359,1,2579,2769
360,1,2579,2482
361,1,2579,2846
362,1,2579,2849
363,1,2580,2285
364,1,2580,2579
365,1,2580,2295
366,1,2580,322
367,1,2580,2607
368,1,2580,2309
369,1,2580,2662
370,1,2580,2344
371,1,2580,2346
372,1,2580,2677
373,1,2580,853
374,1,2580,2679
375,1,2580,2680
376,1,2580,2685
377,1,2580,2686
378,1,2580,2687
379,1,2580,2371
380,1,2580,2372
381,1,2580,2380
382,1,2580,2718
383,1,2580,2721
384,1,2580,2722
385,1,2580,2494
386,1,2580,2495
387,1,2294,2631
388,1,2294,2632
389,1,2294,2724
390,1,2582,2631
391,1,2582,2632
392,1,2582,2724
393,1,2582,2505
394,1,2583,2587
395,1,2583,2301
396,1,2583,2640
397,1,2583,2664
398,1,2583,2370
399,1,2583,2724
400,1,2583,2397
401,1,2583,2764
402,1,2583,2766
403,1,2295,2580
404,1,2295,2595
405,1,2295,322
406,1,2295,2607
407,1,2295,2309
408,1,2295,2662
409,1,2295,2344
410,1,2295,853
411,1,2295,2679
412,1,2295,2680
413,1,2295,2685
414,1,2295,2686
415,1,2295,2687
416,1,2295,2371
417,1,2295,2372
418,1,2295,2380
419,1,2295,2721
420,1,2295,2722
421,1,2296,2575
422,1,2296,322
423,1,2296,2607
424,1,2296,2309
425,1,2296,2647
426,1,2296,2344
427,1,2296,2346
428,1,2296,2679
429,1,2296,2680
430,1,2296,2371
431,1,2296,2372
432,1,2296,2380
433,1,2296,2721
434,1,2296,2722
435,1,2296,2771
436,1,2587,2554
437,1,2587,2555
438,1,2587,81
439,1,2587,2557
440,1,2587,2558
441,1,2587,2563
442,1,2587,2583
443,1,2587,2299
444,1,2587,2596
445,1,2587,2737
446,1,2587,2738
447,1,2587,2739
448,1,2299,2587
449,1,2591,2380
450,1,2591,2794
451,1,2591,2850
452,1,249,80
453,1,249,2555
454,1,2592,80
455,1,2592,2684
456,1,2592,2796
457,1,2592,2797
458,1,2592,2442
459,1,2592,2837
460,1,2300,80
461,1,2300,2709
462,1,2300,2442
463,1,2301,2271
464,1,2301,2575
465,1,2301,2583
466,1,2301,322
467,1,2301,2607
468,1,2301,2309
469,1,2301,2526
470,1,2301,2527
471,1,2301,2528
472,1,2301,2529
473,1,2301,730
474,1,2301,731
475,1,2301,2658
476,1,2301,2342
477,1,2301,2351
478,1,2301,776
479,1,2301,2353
480,1,2301,2675
481,1,2301,853
482,1,2301,2721
483,1,2301,2722
484,1,2301,2732
485,1,2301,2762
486,1,2301,2763
487,1,2301,2764
488,1,2301,2765
489,1,2301,2766
490,1,2301,2768
491,1,2301,2769
492,1,2301,2542
493,1,2301,2875
494,1,2301,2211
495,1,2593,322
496,1,2593,2607
497,1,2593,2309
498,1,2593,2625
499,1,2593,2526
500,1,2593,2527
501,1,2593,2528
502,1,2593,2529
503,1,2593,730
504,1,2593,731
505,1,2593,2658
506,1,2593,2342
507,1,2593,2351
508,1,2593,776
509,1,2593,2353
510,1,2593,2675
511,1,2593,853
512,1,2593,2721
513,1,2593,2722
514,1,2593,2732
515,1,2593,2762
516,1,2593,2763
517,1,2593,2764
518,1,2593,2765
519,1,2593,2766
520,1,2593,2768
521,1,2593,2769
522,1,2593,2542
523,1,2593,2875
524,1,2593,2211
525,1,2302,2575
526,1,2302,2594
527,1,2302,2629
528,1,2302,730
529,1,2302,731
530,1,2302,2658
531,1,2302,2342
532,1,2302,2535
533,1,2302,2724
534,1,2302,1216
535,1,2302,2732
536,1,2302,2769
537,1,2302,2542
538,1,2594,2575
539,1,2594,2302
540,1,2594,322
541,1,2594,2607
542,1,2594,2309
543,1,2594,2625
544,1,2594,2526
545,1,2594,2527
546,1,2594,2528
547,1,2594,2529
548,1,2594,730
549,1,2594,731
550,1,2594,2658
551,1,2594,2342
552,1,2594,2351
553,1,2594,776
554,1,2594,2353
555,1,2594,2675
556,1,2594,853
557,1,2594,2721
558,1,2594,2722
559,1,2594,2732
560,1,2594,2762
561,1,2594,2763
562,1,2594,2764
563,1,2594,2765
564,1,2594,2766
565,1,2594,2768
566,1,2594,2769
567,1,2594,2542
568,1,2594,2875
569,1,2594,2211
570,1,2595,2285
571,1,2595,2295
572,1,2596,2587
573,1,2599,2864
574,1,2599,2877
575,1,2600,2548
576,1,2600,2303
577,1,2303,2600
578,1,2601,2826
579,1,2603,2331
580,1,2603,1216
581,1,2603,2427
582,1,2603,2428
583,1,2604,2615
584,1,2604,2673
585,1,2604,2360
586,1,2604,2760
587,1,2604,2424
588,1,2604,2837
589,1,322,2553
590,1,322,2554
591,1,322,2518
592,1,322,2565
593,1,322,2285
594,1,322,2580
595,1,322,2295
596,1,322,2296
597,1,322,2301
598,1,322,2593
599,1,322,2594
600,1,322,731
601,1,322,2344
602,1,322,2675
603,1,322,2685
604,1,322,2686
605,1,322,2687
606,1,322,2699
607,1,322,2762
608,1,322,2763
609,1,322,2764
610,1,322,2768
611,1,322,2769
612,1,2607,2553
613,1,2607,2554
614,1,2607,2518
615,1,2607,2565
616,1,2607,2285
617,1,2607,2289
618,1,2607,2290
619,1,2607,2291
620,1,2607,2523
621,1,2607,2580
622,1,2607,2295
623,1,2607,2296
624,1,2607,2301
625,1,2607,2593
626,1,2607,2594
627,1,2607,731
628,1,2607,2344
629,1,2607,2675
630,1,2607,2685
631,1,2607,2686
632,1,2607,2687
633,1,2607,2699
634,1,2607,2762
635,1,2607,2763
636,1,2607,2764
637,1,2607,2768
638,1,2607,2769
639,1,2309,2553
640,1,2309,2554
641,1,2309,2518
642,1,2309,2565
643,1,2309,2285
644,1,2309,2289
645,1,2309,2290
646,1,2309,2291
647,1,2309,2523
648,1,2309,2580
649,1,2309,2295
650,1,2309,2296
651,1,2309,2301
652,1,2309,2593
653,1,2309,2594
654,1,2309,2529
655,1,2309,730
656,1,2309,731
657,1,2309,2658
658,1,2309,2535
659,1,2309,1216
660,1,2309,2732
661,1,2309,2769
662,1,2608,2261
663,1,2608,2544
664,1,2608,2262
665,1,2608,2263
666,1,2608,2277
667,1,2608,2389
668,1,2608,2793
669,1,2608,2452
670,1,2608,2804
671,1,2608,2483
672,1,2608,2494
673,1,2608,2495
674,1,2610,2660
675,1,2610,2345
676,1,2610,2746
677,1,2610,2757
678,1,2610,2772
679,1,2612,2753
680,1,2613,2753
681,1,2615,2604
682,1,2615,2310
683,1,2615,2648
684,1,2615,2649
685,1,2616,2375
686,1,2310,2615
687,1,2310,2375
688,1,2618,730
689,1,2618,731
690,1,2618,2658
691,1,2618,2659
692,1,2618,2661
693,1,2618,2662
694,1,2618,2344
695,1,2618,2669
696,1,2618,2376
697,1,2618,2769
698,1,2618,2463
699,1,2618,2849
700,1,2618,2494
701,1,2618,2495
702,1,2620,2579
703,1,2311,2658
704,1,2311,2659
705,1,2311,2669
706,1,2311,2746
707,1,2311,2757
708,1,2311,2846
709,1,2311,2494
710,1,2311,2495
711,1,403,2687
712,1,403,2765
713,1,2621,2687
714,1,2621,2765
715,1,2622,2261
716,1,2622,2544
717,1,2622,2262
718,1,2622,2263
719,1,2622,2760
720,1,2622,2424
721,1,2622,2775
722,1,2622,2835
723,1,2623,2261
724,1,2623,2544
725,1,2623,2262
726,1,2623,2263
727,1,2623,2760
728,1,2623,2424
729,1,2623,2775
730,1,2623,2835
731,1,2624,2261
732,1,2624,2544
733,1,2624,2262
734,1,2624,2263
735,1,2624,2760
736,1,2624,2424
737,1,2624,2775
738,1,2624,2835
739,1,2625,2261
740,1,2625,2544
741,1,2625,2262
742,1,2625,2263
743,1,2625,2593
744,1,2625,2594
745,1,2625,2625
746,1,2625,2344
747,1,2625,2760
748,1,2625,2424
749,1,2625,2763
750,1,2625,2775
751,1,2625,2829
752,1,2625,2830
753,1,2625,2831
754,1,2625,2471
755,1,2625,2513
756,1,2625,2833
757,1,2625,2834
758,1,2625,2872
759,1,2314,2261
760,1,2314,2544
761,1,2314,2262
762,1,2314,2263
763,1,2314,2625
764,1,2314,2344
765,1,2314,2665
766,1,2314,2763
767,1,2314,2775
768,1,2314,2830
769,1,2314,2835
770,1,2314,2872
771,1,2315,2816
772,1,2627,2261
773,1,2627,2544
774,1,2627,2262
775,1,2627,2263
776,1,2627,2763
777,1,2627,2775
778,1,2627,2829
779,1,2627,2830
780,1,2627,2831
781,1,2627,2832
782,1,2627,2471
783,1,2627,2513
784,1,2627,2833
785,1,2627,2834
786,1,2627,2872
787,1,2629,2302
788,1,2629,2631
789,1,2629,2632
790,1,2629,2646
791,1,2629,2656
792,1,2629,730
793,1,2629,2657
794,1,2629,731
795,1,2629,2351
796,1,2629,776
797,1,2629,2353
798,1,2629,2677
799,1,2629,853
800,1,2629,2535
801,1,2629,2729
802,1,2629,1216
803,1,2629,2764
804,1,2629,2766
805,1,2629,2768
806,1,2629,2542
807,1,2629,2829
808,1,2629,2471
809,1,2629,2513
810,1,2629,2496
811,1,2630,2724
812,1,2630,2505
813,1,2631,2575
814,1,2631,2294
815,1,2631,2582
816,1,2631,2629
817,1,2631,2634
818,1,2631,2331
819,1,2631,2471
820,1,2631,2513
821,1,2632,2575
822,1,2632,2294
823,1,2632,2582
824,1,2632,2629
825,1,2632,2331
826,1,2316,2775
827,1,2316,2872
828,1,2633,2554
829,1,2633,2558
830,1,2633,2563
831,1,2634,2631
832,1,2634,2775
833,1,2634,2872
834,1,2317,2664
835,1,2317,2370
836,1,2317,2753
837,1,2317,2766
838,1,2317,2771
839,1,2318,731
840,1,2318,2816
841,1,2639,731
842,1,2639,2705
843,1,2639,2747
844,1,2639,2748
845,1,2639,2816
846,1,2639,2847
847,1,2639,2849
848,1,2639,2486
849,1,2639,2850
850,1,2640,2583
851,1,2640,2664
852,1,2640,2724
853,1,2640,2397
854,1,2640,2764
855,1,2640,2766
856,1,2640,2771
857,1,2640,2505
858,1,2640,2875
859,1,2640,2211
860,1,2642,2719
861,1,2642,2854
862,1,2321,2340
863,1,2321,2659
864,1,2321,2351
865,1,2321,2762
866,1,2321,2763
867,1,2321,2764
868,1,2321,2765
869,1,2321,2766
870,1,2321,2768
871,1,2321,2769
872,1,2321,2770
873,1,2321,2771
874,1,2321,2427
875,1,2321,2793
876,1,2321,2794
877,1,2321,2459
878,1,523,23
879,1,523,2264
880,1,523,81
881,1,523,2557
882,1,2643,2575
883,1,2525,2406
884,1,2525,2872
885,1,2646,2575
886,1,2646,2629
887,1,2646,2526
888,1,2646,730
889,1,2646,731
890,1,2646,2658
891,1,2646,2342
892,1,2646,2351
893,1,2646,776
894,1,2646,2677
895,1,2646,853
896,1,2646,2535
897,1,2646,2724
898,1,2646,2397
899,1,2646,2729
900,1,2646,1216
901,1,2646,2732
902,1,2646,2762
903,1,2646,2764
904,1,2646,2765
905,1,2646,2766
906,1,2646,2768
907,1,2646,2769
908,1,2646,2542
909,1,2646,2505
910,1,2646,2875
911,1,2646,2211
912,1,2647,2296
913,1,2647,2677
914,1,2647,853
915,1,2647,2679
916,1,2647,2680
917,1,2647,2371
918,1,2647,2372
919,1,2647,2771
920,1,2324,2401
921,1,2324,2427
922,1,2325,2427
923,1,2325,2797
924,1,2648,2615
925,1,2649,2615
926,1,2331,2558
927,1,2331,2603
928,1,2331,2631
929,1,2331,2632
930,1,2331,2513
931,1,2652,2261
932,1,2652,2544
933,1,2652,2262
934,1,2652,2263
935,1,2653,2261
936,1,2653,2544
937,1,2653,2262
938,1,2653,2263
939,1,2653,2335
940,1,2653,2672
941,1,2653,2830
942,1,2334,2801
943,1,2335,2261
944,1,2335,2544
945,1,2335,2262
946,1,2335,2263
947,1,2335,2653
948,1,2335,2765
949,1,2336,731
950,1,2336,2672
951,1,2336,2729
952,1,2336,2735
953,1,2336,2792
954,1,2336,2763
955,1,2654,2669
956,1,2338,2765
957,1,2338,2768
958,1,2338,2442
959,1,2340,23
960,1,2340,2264
961,1,2340,2554
962,1,2340,80
963,1,2340,2555
964,1,2340,2558
965,1,2340,2563
966,1,2340,2321
967,1,2526,2301
968,1,2526,2593
969,1,2526,2594
970,1,2526,2646
971,1,2526,732
972,1,2526,2677
973,1,2526,853
974,1,2527,2301
975,1,2527,2593
976,1,2527,2594
977,1,2527,2527
978,1,2528,2301
979,1,2528,2593
980,1,2528,2594
981,1,2528,2528
982,1,2528,732
983,1,2528,2677
984,1,2529,2301
985,1,2529,2593
986,1,2529,2594
987,1,2529,2309
988,1,2529,730
989,1,2529,2658
990,1,2529,2675
991,1,2529,853
992,1,2529,2732
993,1,2529,2769
994,1,2529,2434
995,1,2529,2465
996,1,2656,2575
997,1,2656,2629
998,1,2656,2658
999,1,2656,732
1000,1,2656,2342
1001,1,2656,2351
1002,1,2656,776
1003,1,2656,2353
1004,1,2656,2677
1005,1,2656,853
1006,1,2656,2535
1007,1,2656,2724
1008,1,2656,1216
1009,1,2656,2732
1010,1,2656,2762
1011,1,2656,2763
1012,1,2656,2764
1013,1,2656,2765
1014,1,2656,2766
1015,1,2656,2768
1016,1,2656,2769
1017,1,2656,2542
1018,1,2656,2829
1019,1,2656,2471
1020,1,2656,2513
1021,1,730,2575
1022,1,730,2579
1023,1,730,2301
1024,1,730,2593
1025,1,730,2302
1026,1,730,2594
1027,1,730,2309
1028,1,730,2618
1029,1,730,2629
1030,1,730,2646
1031,1,730,2529
1032,1,730,2684
1033,1,730,2763
1034,1,730,2459
1035,1,730,2829
1036,1,730,2471
1037,1,730,2513
1038,1,2657,2575
1039,1,2657,2629
1040,1,2657,2658
1041,1,2657,732
1042,1,2657,2345
1043,1,2657,2677
1044,1,2657,853
1045,1,2657,2535
1046,1,2657,2724
1047,1,2657,1216
1048,1,2657,2732
1049,1,2657,2762
1050,1,2657,2763
1051,1,2657,2764
1052,1,2657,2765
1053,1,2657,2766
1054,1,2657,2768
1055,1,2657,2769
1056,1,2657,2542
1057,1,2657,2829
1058,1,2657,2471
1059,1,2657,2513
1060,1,2657,2505
1061,1,2657,2875
1062,1,731,23
1063,1,731,2273
1064,1,731,80
1065,1,731,2563
1066,1,731,2575
1067,1,731,2579
1068,1,731,2301
1069,1,731,2593
1070,1,731,2302
1071,1,731,2594
1072,1,731,322
1073,1,731,2607
1074,1,731,2309
1075,1,731,2618
1076,1,731,2629
1077,1,731,2318
1078,1,731,2639
1079,1,731,2646
1080,1,731,2336
1081,1,731,2734
1082,1,731,2763
1083,1,731,2765
1084,1,731,2469
1085,1,731,2829
1086,1,731,2471
1087,1,731,2513
1088,1,731,2865
1089,1,731,2493
1090,1,731,2866
1091,1,2658,2575
1092,1,2658,2579
1093,1,2658,2301
1094,1,2658,2593
1095,1,2658,2302
1096,1,2658,2594
1097,1,2658,2309
1098,1,2658,2618
1099,1,2658,2311
1100,1,2658,2646
1101,1,2658,2529
1102,1,2658,2656
1103,1,2658,2657
1104,1,2658,732
1105,1,2658,2660
1106,1,2658,2341
1107,1,2658,2342
1108,1,2658,2669
1109,1,2658,2846
1110,1,2658,2505
1111,1,732,2579
1112,1,732,2296
1113,1,732,2618
1114,1,732,2526
1115,1,732,2527
1116,1,732,2528
1117,1,732,2656
1118,1,732,2657
1119,1,732,2658
1120,1,732,2660
1121,1,732,2342
1122,1,732,2345
1123,1,732,2669
1124,1,732,2540
1125,1,732,2463
1126,1,2659,2554
1127,1,2659,80
1128,1,2659,2555
1129,1,2659,2558
1130,1,2659,2563
1131,1,2659,2579
1132,1,2659,2618
1133,1,2659,2311
1134,1,2659,2321
1135,1,2659,732
1136,1,2659,2659
1137,1,2659,2345
1138,1,2659,2846
1139,1,2660,2579
1140,1,2660,2610
1141,1,2660,2658
1142,1,2660,732
1143,1,2660,2660
1144,1,2660,2661
1145,1,2660,2662
1146,1,2660,2344
1147,1,2660,2345
1148,1,2660,2346
1149,1,2660,2669
1150,1,2660,2769
1151,1,2660,2777
1152,1,2660,2540
1153,1,2660,2846
1154,1,2341,2341
1155,1,2341,2661
1156,1,2341,2662
1157,1,2341,2344
1158,1,2341,2346
1159,1,2341,2769
1160,1,2341,2846
1161,1,2341,2849
1162,1,2342,2575
1163,1,2342,2301
1164,1,2342,2593
1165,1,2342,2302
1166,1,2342,2594
1167,1,2342,2646
1168,1,2342,2656
1169,1,2342,2658
1170,1,2342,732
1171,1,2342,2659
1172,1,2342,2660
1173,1,2342,2661
1174,1,2342,2662
1175,1,2342,2344
1176,1,2342,2346
1177,1,2342,2669
1178,1,2342,2777
1179,1,2342,2846
1180,1,2342,2849
1181,1,2661,23
1182,1,2661,2264
1183,1,2661,2579
1184,1,2661,2618
1185,1,2661,2660
1186,1,2661,2341
1187,1,2661,2342
1188,1,2661,2344
1189,1,2661,2346
1190,1,2661,2675
1191,1,2661,2677
1192,1,2661,853
1193,1,2661,2679
1194,1,2661,2680
1195,1,2661,2371
1196,1,2661,2372
1197,1,2661,2380
1198,1,2661,2721
1199,1,2661,2722
1200,1,2661,2765
1201,1,2661,2766
1202,1,2661,2767
1203,1,2661,2770
1204,1,2661,2771
1205,1,2661,2427
1206,1,2661,2435
1207,1,2661,2793
1208,1,2661,2794
1209,1,2662,23
1210,1,2662,2264
1211,1,2662,2557
1212,1,2662,2518
1213,1,2662,2285
1214,1,2662,2579
1215,1,2662,2580
1216,1,2662,2295
1217,1,2662,2618
1218,1,2662,2660
1219,1,2662,2341
1220,1,2662,2342
1221,1,2662,2675
1222,1,2662,2677
1223,1,2662,853
1224,1,2662,2679
1225,1,2662,2680
1226,1,2662,2371
1227,1,2662,2372
1228,1,2662,2699
1229,1,2662,2721
1230,1,2662,2722
1231,1,2662,2762
1232,1,2662,2763
1233,1,2662,2764
1234,1,2662,2768
1235,1,2662,2777
1236,1,2662,2846
1237,1,2344,2554
1238,1,2344,2518
1239,1,2344,2565
1240,1,2344,2285
1241,1,2344,2579
1242,1,2344,2580
1243,1,2344,2295
1244,1,2344,2296
1245,1,2344,322
1246,1,2344,2607
1247,1,2344,2618
1248,1,2344,2625
1249,1,2344,2314
1250,1,2344,2660
1251,1,2344,2341
1252,1,2344,2342
1253,1,2344,2661
1254,1,2344,2345
1255,1,2344,2540
1256,1,2345,2610
1257,1,2345,2657
1258,1,2345,732
1259,1,2345,2659
1260,1,2345,2660
1261,1,2345,2344
1262,1,2345,2346
1263,1,2345,2669
1264,1,2345,2769
1265,1,2345,2463
1266,1,2345,2849
1267,1,2346,23
1268,1,2346,2264
1269,1,2346,2557
1270,1,2346,2518
1271,1,2346,2285
1272,1,2346,2579
1273,1,2346,2580
1274,1,2346,2295
1275,1,2346,2296
1276,1,2346,2618
1277,1,2346,2660
1278,1,2346,2341
1279,1,2346,2342
1280,1,2346,2661
1281,1,2346,2345
1282,1,2346,2669
1283,1,2346,2675
1284,1,2346,2677
1285,1,2346,853
1286,1,2346,2679
1287,1,2346,2680
1288,1,2346,2371
1289,1,2346,2372
1290,1,2346,2699
1291,1,2346,2721
1292,1,2346,2722
1293,1,2346,2762
1294,1,2346,2763
1295,1,2346,2764
1296,1,2346,2768
1297,1,2346,2777
1298,1,2346,2846
1299,1,2664,2583
1300,1,2664,2317
1301,1,2664,2640
1302,1,2664,2724
1303,1,2664,2397
1304,1,2664,2505
1305,1,2664,2875
1306,1,2664,2211
1307,1,2665,2314
1308,1,2348,2541
1309,1,2349,2394
1310,1,2349,2864
1311,1,2667,2351
1312,1,2667,2677
1313,1,2667,853
1314,1,2667,2535
1315,1,2667,2724
1316,1,2667,2729
1317,1,2667,2732
1318,1,2667,2762
1319,1,2667,2763
1320,1,2667,2764
1321,1,2667,2765
1322,1,2667,2766
1323,1,2667,2768
1324,1,2667,2769
1325,1,2667,2829
1326,1,2667,2471
1327,1,2667,2513
1328,1,2351,23
1329,1,2351,2264
1330,1,2351,2554
1331,1,2351,80
1332,1,2351,2555
1333,1,2351,2558
1334,1,2351,2280
1335,1,2351,2563
1336,1,2351,2575
1337,1,2351,2301
1338,1,2351,2593
1339,1,2351,2594
1340,1,2351,2629
1341,1,2351,2321
1342,1,2351,2646
1343,1,2351,2656
1344,1,2351,2667
1345,1,2351,776
1346,1,2351,2353
1347,1,2351,2699
1348,1,2351,2535
1349,1,2351,2724
1350,1,2351,2732
1351,1,2351,2770
1352,1,2351,2771
1353,1,2351,2433
1354,1,2351,2435
1355,1,2351,2793
1356,1,2351,2794
1357,1,2351,2459
1358,1,2351,2542
1359,1,776,2301
1360,1,776,2593
1361,1,776,2594
1362,1,776,2629
1363,1,776,2646
1364,1,776,2656
1365,1,776,2351
1366,1,776,2535
1367,1,776,2505
1368,1,776,2875
1369,1,2353,2301
1370,1,2353,2593
1371,1,2353,2594
1372,1,2353,2629
1373,1,2353,2656
1374,1,2353,2351
1375,1,2353,776
1376,1,2353,1216
1377,1,2353,2732
1378,1,2353,2762
1379,1,2353,2763
1380,1,2353,2764
1381,1,2353,2765
1382,1,2353,2766
1383,1,2353,2768
1384,1,2353,2769
1385,1,2352,2667
1386,1,2669,2618
1387,1,2669,2311
1388,1,2669,2654
1389,1,2669,2658
1390,1,2669,732
1391,1,2669,2660
1392,1,2669,2342
1393,1,2669,2345
1394,1,2669,2346
1395,1,2357,2481
1396,1,2357,2863
1397,1,2672,2261
1398,1,2672,2544
1399,1,2672,2262
1400,1,2672,2263
1401,1,2672,2653
1402,1,2672,2336
1403,1,2673,2604
1404,1,2673,2360
1405,1,2673,2760
1406,1,2360,2604
1407,1,2360,2673
1408,1,2675,2553
1409,1,2675,2554
1410,1,2675,2565
1411,1,2675,2285
1412,1,2675,2301
1413,1,2675,2593
1414,1,2675,2594
1415,1,2675,322
1416,1,2675,2607
1417,1,2675,2529
1418,1,2675,2661
1419,1,2675,2662
1420,1,2675,2346
1421,1,2675,2679
1422,1,2675,2680
1423,1,2675,2380
1424,1,2675,2699
1425,1,2675,2535
1426,1,2675,1216
1427,1,2675,2732
1428,1,2675,2762
1429,1,2675,2763
1430,1,2675,2764
1431,1,2675,2769
1432,1,2675,2542
1433,1,2675,2875
1434,1,2677,2554
1435,1,2677,2575
1436,1,2677,2289
1437,1,2677,2290
1438,1,2677,2291
1439,1,2677,2523
1440,1,2677,2580
1441,1,2677,2629
1442,1,2677,2646
1443,1,2677,2647
1444,1,2677,2526
1445,1,2677,2527
1446,1,2677,2528
1447,1,2677,2656
1448,1,2677,2657
1449,1,2677,2661
1450,1,2677,2662
1451,1,2677,2346
1452,1,2677,2667
1453,1,2677,2675
1454,1,2677,2685
1455,1,2677,2686
1456,1,2677,2687
1457,1,2677,2699
1458,1,2677,2762
1459,1,2677,2763
1460,1,2677,2764
1461,1,2677,2768
1462,1,2677,2769
1463,1,853,2553
1464,1,853,2554
1465,1,853,2518
1466,1,853,2565
1467,1,853,2285
1468,1,853,2580
1469,1,853,2295
1470,1,853,2301
1471,1,853,2593
1472,1,853,2594
1473,1,853,2629
1474,1,853,2646
1475,1,853,2647
1476,1,853,2526
1477,1,853,2529
1478,1,853,2656
1479,1,853,2657
1480,1,853,2661
1481,1,853,2662
1482,1,853,2346
1483,1,853,2667
1484,1,853,2685
1485,1,853,2686
1486,1,853,2687
1487,1,853,2762
1488,1,853,2763
1489,1,853,2764
1490,1,853,2768
1491,1,853,2769
1492,1,853,2771
1493,1,2679,2553
1494,1,2679,2554
1495,1,2679,2518
1496,1,2679,2565
1497,1,2679,2285
1498,1,2679,2289
1499,1,2679,2290
1500,1,2679,2291
1501,1,2679,2523
1502,1,2679,2580
1503,1,2679,2295
1504,1,2679,2296
1505,1,2679,2647
1506,1,2679,2661
1507,1,2679,2662
1508,1,2679,2346
1509,1,2679,2675
1510,1,2679,2699
1511,1,2679,2762
1512,1,2679,2763
1513,1,2679,2764
1514,1,2679,2768
1515,1,2679,2769
1516,1,2679,2771
1517,1,2680,2553
1518,1,2680,2554
1519,1,2680,2518
1520,1,2680,2565
1521,1,2680,2285
1522,1,2680,2289
1523,1,2680,2290
1524,1,2680,2291
1525,1,2680,2523
1526,1,2680,2580
1527,1,2680,2295
1528,1,2680,2296
1529,1,2680,2647
1530,1,2680,2661
1531,1,2680,2662
1532,1,2680,2346
1533,1,2680,2675
1534,1,2680,2762
1535,1,2680,2763
1536,1,2680,2764
1537,1,2680,2768
1538,1,2680,2769
1539,1,2680,2771
1540,1,2683,2561
1541,1,2683,2578
1542,1,2683,2433
1543,1,2683,2854
1544,1,2684,2592
1545,1,2684,730
1546,1,2684,2433
1547,1,2684,2463
1548,1,2684,2854
1549,1,2685,2518
1550,1,2685,2285
1551,1,2685,2580
1552,1,2685,2295
1553,1,2685,322
1554,1,2685,2607
1555,1,2685,2677
1556,1,2685,853
1557,1,2685,2679
1558,1,2685,2680
1559,1,2685,2371
1560,1,2685,2372
1561,1,2685,2380
1562,1,2686,81
1563,1,2686,2518
1564,1,2686,2563
1565,1,2686,2285
1566,1,2686,2580
1567,1,2686,2295
1568,1,2686,322
1569,1,2686,2677
1570,1,2686,853
1571,1,2686,2679
1572,1,2686,2680
1573,1,2686,2371
1574,1,2686,2372
1575,1,2686,2380
1576,1,2686,2406
1577,1,2686,2872
1578,1,2687,2518
1579,1,2687,2285
1580,1,2687,2580
1581,1,2687,2295
1582,1,2687,322
1583,1,2687,2607
1584,1,2687,403
1585,1,2687,2621
1586,1,2687,2677
1587,1,2687,853
1588,1,2687,2679
1589,1,2687,2680
1590,1,2687,2371
1591,1,2687,2372
1592,1,2687,2380
1593,1,2687,2721
1594,1,2687,2722
1595,1,2689,2515
1596,1,2690,2380
1597,1,2691,2515
1598,1,2694,2772
1599,1,2694,2773
1600,1,2694,2814
1601,1,2370,2583
1602,1,2370,2317
1603,1,2370,2746
1604,1,2371,2553
1605,1,2371,2518
1606,1,2371,2285
1607,1,2371,2289
1608,1,2371,2290
1609,1,2371,2291
1610,1,2371,2523
1611,1,2371,2580
1612,1,2371,2295
1613,1,2371,2296
1614,1,2371,2647
1615,1,2371,2661
1616,1,2371,2662
1617,1,2371,2346
1618,1,2371,2685
1619,1,2371,2686
1620,1,2371,2687
1621,1,2372,2553
1622,1,2372,2518
1623,1,2372,2285
1624,1,2372,2289
1625,1,2372,2290
1626,1,2372,2291
1627,1,2372,2523
1628,1,2372,2580
1629,1,2372,2295
1630,1,2372,2296
1631,1,2372,2647
1632,1,2372,2661
1633,1,2372,2662
1634,1,2372,2346
1635,1,2372,2685
1636,1,2372,2686
1637,1,2372,2687
1638,1,2697,2449
1639,1,2374,2449
1640,1,2375,2615
1641,1,2375,2310
1642,1,2375,2468
1643,1,2375,2826
1644,1,2377,2853
1645,1,2377,2488
1646,1,2378,2853
1647,1,2378,2488
1648,1,2698,2433
1649,1,2698,2853
1650,1,2698,2854
1651,1,2698,2488
1652,1,2380,2553
1653,1,2380,2554
1654,1,2380,2518
1655,1,2380,2565
1656,1,2380,2285
1657,1,2380,2580
1658,1,2380,2295
1659,1,2380,2296
1660,1,2380,2591
1661,1,2380,2661
1662,1,2380,2675
1663,1,2380,2685
1664,1,2380,2686
1665,1,2380,2687
1666,1,2380,2690
1667,1,2380,2699
1668,1,2380,2762
1669,1,2380,2763
1670,1,2380,2764
1671,1,2380,2768
1672,1,2380,2769
1673,1,2699,2264
1674,1,2699,81
1675,1,2699,2557
1676,1,2699,322
1677,1,2699,2607
1678,1,2699,2662
1679,1,2699,2346
1680,1,2699,2351
1681,1,2699,2675
1682,1,2699,2677
1683,1,2699,2679
1684,1,2699,2380
1685,1,2705,2273
1686,1,2705,2639
1687,1,2707,2871
1688,1,2708,2871
1689,1,2709,249
1690,1,2709,2300
1691,1,2710,2729
1692,1,2535,2575
1693,1,2535,2302
1694,1,2535,2309
1695,1,2535,2629
1696,1,2535,2646
1697,1,2535,2656
1698,1,2535,2657
1699,1,2535,2667
1700,1,2535,2351
1701,1,2535,776
1702,1,2535,2675
1703,1,2535,2729
1704,1,2389,2552
1705,1,2389,2608
1706,1,2389,2389
1707,1,1021,2578
1708,1,2718,2579
1709,1,2718,2580
1710,1,2719,2558
1711,1,2719,2563
1712,1,2719,2642
1713,1,2719,2393
1714,1,2719,2401
1715,1,2719,2785
1716,1,2719,2874
1717,1,2393,2719
1718,1,2393,2720
1719,1,2393,2401
1720,1,2393,2854
1721,1,2720,2558
1722,1,2720,2563
1723,1,2720,2393
1724,1,2720,2401
1725,1,2720,2785
1726,1,2720,2874
1727,1,2394,2349
1728,1,2394,2743
1729,1,2394,2864
1730,1,2721,2553
1731,1,2721,2554
1732,1,2721,2518
1733,1,2721,2565
1734,1,2721,2285
1735,1,2721,2580
1736,1,2721,2295
1737,1,2721,2296
1738,1,2721,2301
1739,1,2721,2594
1740,1,2721,2529
1741,1,2721,2661
1742,1,2721,2662
1743,1,2721,2346
1744,1,2721,2687
1745,1,2722,2553
1746,1,2722,2554
1747,1,2722,2518
1748,1,2722,2565
1749,1,2722,2285
1750,1,2722,2580
1751,1,2722,2295
1752,1,2722,2296
1753,1,2722,2301
1754,1,2722,2594
1755,1,2722,2529
1756,1,2722,2661
1757,1,2722,2662
1758,1,2722,2346
1759,1,2722,2687
1760,1,2395,2724
1761,1,2395,2397
1762,1,2395,2764
1763,1,2395,2766
1764,1,2395,2771
1765,1,2395,2505
1766,1,2395,2875
1767,1,2395,2211
1768,1,2724,2575
1769,1,2724,2294
1770,1,2724,2582
1771,1,2724,2583
1772,1,2724,2302
1773,1,2724,2630
1774,1,2724,2640
1775,1,2724,2646
1776,1,2724,2656
1777,1,2724,2657
1778,1,2724,2664
1779,1,2724,2667
1780,1,2724,2351
1781,1,2724,776
1782,1,2724,2395
1783,1,2724,2764
1784,1,2724,2766
1785,1,2724,2771
1786,1,2724,2496
1787,1,2397,2583
1788,1,2397,2640
1789,1,2397,2646
1790,1,2397,2664
1791,1,2397,2395
1792,1,2397,2764
1793,1,2397,2771
1794,1,2397,2471
1795,1,2397,2513
1796,1,2399,80
1797,1,2399,81
1798,1,2401,2719
1799,1,2401,2393
1800,1,2401,2720
1801,1,2402,2441
1802,1,2515,2689
1803,1,2515,2691
1804,1,2729,2575
1805,1,2729,2629
1806,1,2729,2646
1807,1,2729,2336
1808,1,2729,2667
1809,1,2729,2710
1810,1,2729,2535
1811,1,2406,2525
1812,1,2406,2686
1813,1,1207,2736
1814,1,1207,2737
1815,1,1207,2738
1816,1,1207,2739
1817,1,1207,2864
1818,1,1216,2302
1819,1,1216,2603
1820,1,1216,2309
1821,1,1216,2629
1822,1,1216,2646
1823,1,1216,2656
1824,1,1216,2657
1825,1,1216,776
1826,1,1216,2675
1827,1,1216,2762
1828,1,1216,2763
1829,1,1216,2764
1830,1,1216,2765
1831,1,1216,2766
1832,1,1216,2768
1833,1,1216,2434
1834,1,1216,2211
1835,1,2732,2575
1836,1,2732,2301
1837,1,2732,2593
1838,1,2732,2302
1839,1,2732,2594
1840,1,2732,2309
1841,1,2732,2646
1842,1,2732,2529
1843,1,2732,2656
1844,1,2732,2657
1845,1,2732,2667
1846,1,2732,2351
1847,1,2732,776
1848,1,2732,2675
1849,1,2732,2505
1850,1,2734,731
1851,1,2734,2765
1852,1,2734,2767
1853,1,2735,2336
1854,1,2735,2765
1855,1,2735,2767
1856,1,2736,2405
1857,1,2736,1207
1858,1,2737,2587
1859,1,2737,2405
1860,1,2737,1207
1861,1,2738,2587
1862,1,2738,2405
1863,1,2738,1207
1864,1,2739,2587
1865,1,2739,2405
1866,1,2739,1207
1867,1,2743,2394
1868,1,2743,2864
1869,1,2743,2503
1870,1,2414,2879
1871,1,2744,2416
1872,1,2416,2744
1873,1,2417,2579
1874,1,2417,2618
1875,1,2418,2769
1876,1,2418,2463
1877,1,2418,2846
1878,1,2418,2849
1879,1,2418,2494
1880,1,2746,2610
1881,1,2746,2311
1882,1,2746,2370
1883,1,2746,2783
1884,1,2747,2273
1885,1,2747,2639
1886,1,2748,2273
1887,1,2748,2639
1888,1,2538,2540
1889,1,2538,2468
1890,1,2753,2612
1891,1,2753,2613
1892,1,2753,2317
1893,1,2757,2610
1894,1,2757,2311
1895,1,2423,2854
1896,1,2760,2604
1897,1,2760,2622
1898,1,2760,2623
1899,1,2760,2624
1900,1,2760,2625
1901,1,2760,2673
1902,1,2760,2835
1903,1,2760,2480
1904,1,2424,2604
1905,1,2424,2622
1906,1,2424,2623
1907,1,2424,2624
1908,1,2424,2625
1909,1,2424,2835
1910,1,2424,2480
1911,1,2761,2578
1912,1,2762,23
1913,1,2762,2264
1914,1,2762,80
1915,1,2762,2555
1916,1,2762,2558
1917,1,2762,2563
1918,1,2762,2575
1919,1,2762,2301
1920,1,2762,2593
1921,1,2762,2594
1922,1,2762,322
1923,1,2762,2607
1924,1,2762,2321
1925,1,2762,2646
1926,1,2762,2656
1927,1,2762,2657
1928,1,2762,2662
1929,1,2762,2346
1930,1,2762,2667
1931,1,2762,776
1932,1,2762,2675
1933,1,2762,2677
1934,1,2762,853
1935,1,2762,2679
1936,1,2762,2680
1937,1,2762,2380
1938,1,2762,1216
1939,1,2762,2767
1940,1,2763,80
1941,1,2763,2555
1942,1,2763,2558
1943,1,2763,2563
1944,1,2763,2575
1945,1,2763,2301
1946,1,2763,2593
1947,1,2763,2594
1948,1,2763,322
1949,1,2763,2607
1950,1,2763,2625
1951,1,2763,2314
1952,1,2763,2627
1953,1,2763,2321
1954,1,2763,2656
1955,1,2763,730
1956,1,2763,2657
1957,1,2763,731
1958,1,2763,2662
1959,1,2763,2346
1960,1,2763,2667
1961,1,2763,776
1962,1,2763,2675
1963,1,2763,2677
1964,1,2763,853
1965,1,2763,2679
1966,1,2763,2680
1967,1,2763,2380
1968,1,2763,2397
1969,1,2763,1216
1970,1,2763,2767
1971,1,2764,23
1972,1,2764,2264
1973,1,2764,2271
1974,1,2764,80
1975,1,2764,2555
1976,1,2764,2558
1977,1,2764,2563
1978,1,2764,2575
1979,1,2764,2583
1980,1,2764,2301
1981,1,2764,2593
1982,1,2764,2594
1983,1,2764,322
1984,1,2764,2607
1985,1,2764,2629
1986,1,2764,2640
1987,1,2764,2321
1988,1,2764,2646
1989,1,2764,2656
1990,1,2764,2657
1991,1,2764,2662
1992,1,2764,2346
1993,1,2764,2667
1994,1,2764,776
1995,1,2764,2675
1996,1,2764,2677
1997,1,2764,853
1998,1,2764,2679
1999,1,2764,2680
2000,1,2764,2380
2001,1,2764,2395
2002,1,2764,2724
2003,1,2764,2397
2004,1,2764,1216
2005,1,2764,2767
2006,1,2765,23
2007,1,2765,2264
2008,1,2765,2554
2009,1,2765,80
2010,1,2765,2555
2011,1,2765,2558
2012,1,2765,2563
2013,1,2765,2574
2014,1,2765,2575
2015,1,2765,2301
2016,1,2765,2593
2017,1,2765,2594
2018,1,2765,403
2019,1,2765,2621
2020,1,2765,2321
2021,1,2765,2646
2022,1,2765,2335
2023,1,2765,2338
2024,1,2765,2656
2025,1,2765,2657
2026,1,2765,731
2027,1,2765,2661
2028,1,2765,2667
2029,1,2765,776
2030,1,2765,1216
2031,1,2765,2734
2032,1,2765,2735
2033,1,2765,2767
2034,1,2765,2803
2035,1,2766,2554
2036,1,2766,80
2037,1,2766,2555
2038,1,2766,2558
2039,1,2766,2563
2040,1,2766,2575
2041,1,2766,2583
2042,1,2766,2301
2043,1,2766,2593
2044,1,2766,2594
2045,1,2766,2629
2046,1,2766,2317
2047,1,2766,2640
2048,1,2766,2321
2049,1,2766,2646
2050,1,2766,2656
2051,1,2766,2657
2052,1,2766,2661
2053,1,2766,2667
2054,1,2766,776
2055,1,2766,2395
2056,1,2766,2724
2057,1,2766,1216
2058,1,2766,2770
2059,1,2766,2771
2060,1,2766,2427
2061,1,2766,2433
2062,1,2766,2435
2063,1,2766,2793
2064,1,2766,2794
2065,1,2766,2459
2066,1,2766,2542
2067,1,2766,2505
2068,1,2766,2875
2069,1,2766,2211
2070,1,2767,23
2071,1,2767,2264
2072,1,2767,2554
2073,1,2767,80
2074,1,2767,2555
2075,1,2767,2558
2076,1,2767,2563
2077,1,2767,2338
2078,1,2767,2661
2079,1,2767,2734
2080,1,2767,2735
2081,1,2767,2762
2082,1,2767,2763
2083,1,2767,2764
2084,1,2767,2765
2085,1,2767,2769
2086,1,2767,2770
2087,1,2767,2771
2088,1,2767,2427
2089,1,2767,2433
2090,1,2767,2435
2091,1,2767,2793
2092,1,2767,2794
2093,1,2767,2803
2094,1,2767,2459
2095,1,2768,23
2096,1,2768,2264
2097,1,2768,80
2098,1,2768,2555
2099,1,2768,2558
2100,1,2768,2563
2101,1,2768,2575
2102,1,2768,2301
2103,1,2768,2593
2104,1,2768,2594
2105,1,2768,322
2106,1,2768,2607
2107,1,2768,2629
2108,1,2768,2321
2109,1,2768,2646
2110,1,2768,2656
2111,1,2768,2657
2112,1,2768,2662
2113,1,2768,2346
2114,1,2768,2667
2115,1,2768,776
2116,1,2768,2677
2117,1,2768,853
2118,1,2768,2679
2119,1,2768,2680
2120,1,2768,2380
2121,1,2768,1216
2122,1,2768,2770
2123,1,2768,2771
2124,1,2768,2427
2125,1,2768,2433
2126,1,2768,2435
2127,1,2768,2793
2128,1,2768,2794
2129,1,2768,2459
2130,1,2768,2542
2131,1,2768,2211
2132,1,2769,23
2133,1,2769,2264
2134,1,2769,80
2135,1,2769,2555
2136,1,2769,2558
2137,1,2769,2563
2138,1,2769,2575
2139,1,2769,2579
2140,1,2769,2301
2141,1,2769,2593
2142,1,2769,2302
2143,1,2769,2594
2144,1,2769,322
2145,1,2769,2607
2146,1,2769,2309
2147,1,2769,2618
2148,1,2769,2321
2149,1,2769,2646
2150,1,2769,2529
2151,1,2769,2656
2152,1,2769,2657
2153,1,2769,2660
2154,1,2769,2341
2155,1,2769,2345
2156,1,2769,2667
2157,1,2769,776
2158,1,2769,2675
2159,1,2769,2677
2160,1,2769,853
2161,1,2769,2679
2162,1,2769,2680
2163,1,2769,2380
2164,1,2769,2418
2165,1,2769,2767
2166,1,2770,2271
2167,1,2770,80
2168,1,2770,2555
2169,1,2770,2558
2170,1,2770,2563
2171,1,2770,2321
2172,1,2770,2661
2173,1,2770,2351
2174,1,2770,2766
2175,1,2770,2767
2176,1,2770,2768
2177,1,2770,2427
2178,1,2770,2433
2179,1,2770,2435
2180,1,2770,2793
2181,1,2770,2794
2182,1,2770,2459
2183,1,2771,2552
2184,1,2771,2277
2185,1,2771,2554
2186,1,2771,80
2187,1,2771,2555
2188,1,2771,2558
2189,1,2771,2563
2190,1,2771,2296
2191,1,2771,2317
2192,1,2771,2640
2193,1,2771,2321
2194,1,2771,2647
2195,1,2771,2661
2196,1,2771,2351
2197,1,2771,2677
2198,1,2771,853
2199,1,2771,2679
2200,1,2771,2680
2201,1,2771,2395
2202,1,2771,2724
2203,1,2771,2397
2204,1,2771,2766
2205,1,2771,2767
2206,1,2771,2768
2207,1,2771,2427
2208,1,2771,2433
2209,1,2771,2435
2210,1,2771,2793
2211,1,2771,2794
2212,1,2771,2459
2213,1,2772,2610
2214,1,2772,2694
2215,1,2772,2772
2216,1,2772,2459
2217,1,2773,2694
2218,1,2773,2459
2219,1,2774,2790
2220,1,2775,2622
2221,1,2775,2623
2222,1,2775,2624
2223,1,2775,2625
2224,1,2775,2314
2225,1,2775,2627
2226,1,2775,2316
2227,1,2775,2634
2228,1,2777,2660
2229,1,2777,2342
2230,1,2777,2662
2231,1,2777,2346
2232,1,2427,23
2233,1,2427,2264
2234,1,2427,2554
2235,1,2427,80
2236,1,2427,2555
2237,1,2427,81
2238,1,2427,2557
2239,1,2427,2558
2240,1,2427,2563
2241,1,2427,2603
2242,1,2427,2321
2243,1,2427,2324
2244,1,2427,2325
2245,1,2427,2661
2246,1,2427,2766
2247,1,2427,2767
2248,1,2427,2768
2249,1,2427,2770
2250,1,2427,2771
2251,1,2427,2866
2252,1,2428,2603
2253,1,2428,2435
2254,1,2428,2863
2255,1,2779,2435
2256,1,2779,2863
2257,1,2781,2559
2258,1,2781,2464
2259,1,2781,2503
2260,1,2431,2562
2261,1,2783,2746
2262,1,2785,2558
2263,1,2785,2562
2264,1,2785,2563
2265,1,2785,2719
2266,1,2785,2720
2267,1,2785,2433
2268,1,2785,2459
2269,1,2785,2829
2270,1,2785,2471
2271,1,2785,2513
2272,1,2785,2854
2273,1,2433,81
2274,1,2433,2557
2275,1,2433,2351
2276,1,2433,2683
2277,1,2433,2684
2278,1,2433,2698
2279,1,2433,2766
2280,1,2433,2767
2281,1,2433,2768
2282,1,2433,2770
2283,1,2433,2771
2284,1,2433,2785
2285,1,2433,2435
2286,1,2433,2793
2287,1,2433,2794
2288,1,2433,2459
2289,1,2434,2529
2290,1,2434,1216
2291,1,2434,2435
2292,1,2434,2542
2293,1,2434,2853
2294,1,2434,2488
2295,1,2434,2875
2296,1,2435,2554
2297,1,2435,2555
2298,1,2435,2558
2299,1,2435,2661
2300,1,2435,2351
2301,1,2435,2766
2302,1,2435,2767
2303,1,2435,2768
2304,1,2435,2770
2305,1,2435,2771
2306,1,2435,2428
2307,1,2435,2779
2308,1,2435,2433
2309,1,2435,2434
2310,1,2435,2442
2311,1,2435,2443
2312,1,2435,2809
2313,1,2435,2810
2314,1,2435,2876
2315,1,2787,2788
2316,1,2788,2787
2317,1,2788,2790
2318,1,2788,2791
2319,1,2788,2792
2320,1,2788,2438
2321,1,2790,2774
2322,1,2790,2787
2323,1,2791,2787
2324,1,2792,2261
2325,1,2792,2544
2326,1,2792,2262
2327,1,2792,2263
2328,1,2792,2336
2329,1,2792,2787
2330,1,2438,2787
2331,1,2793,2264
2332,1,2793,80
2333,1,2793,2555
2334,1,2793,2558
2335,1,2793,2608
2336,1,2793,2321
2337,1,2793,2661
2338,1,2793,2351
2339,1,2793,2766
2340,1,2793,2767
2341,1,2793,2768
2342,1,2793,2770
2343,1,2793,2771
2344,1,2793,2433
2345,1,2793,2442
2346,1,2793,2443
2347,1,2793,2459
2348,1,2793,2483
2349,1,2794,23
2350,1,2794,2264
2351,1,2794,2554
2352,1,2794,80
2353,1,2794,2555
2354,1,2794,2558
2355,1,2794,2563
2356,1,2794,2591
2357,1,2794,2321
2358,1,2794,2661
2359,1,2794,2351
2360,1,2794,2766
2361,1,2794,2767
2362,1,2794,2768
2363,1,2794,2770
2364,1,2794,2771
2365,1,2794,2433
2366,1,2794,2442
2367,1,2794,2459
2368,1,2794,2483
2369,1,2441,2402
2370,1,2796,80
2371,1,2796,2592
2372,1,2797,80
2373,1,2797,2592
2374,1,2797,2325
2375,1,2797,2798
2376,1,2442,249
2377,1,2442,2300
2378,1,2442,2338
2379,1,2442,2435
2380,1,2442,2793
2381,1,2442,2794
2382,1,2442,2798
2383,1,2442,2803
2384,1,2443,2435
2385,1,2443,2793
2386,1,2798,2797
2387,1,2798,2442
2388,1,2799,2846
2389,1,2801,2334
2390,1,2540,732
2391,1,2540,2659
2392,1,2540,2660
2393,1,2540,2344
2394,1,2540,2538
2395,1,2803,2765
2396,1,2803,2767
2397,1,2803,2442
2398,1,2449,2697
2399,1,2452,2608
2400,1,2804,2261
2401,1,2804,2544
2402,1,2804,2262
2403,1,2804,2263
2404,1,2804,2608
2405,1,2804,2853
2406,1,2804,2854
2407,1,2804,2856
2408,1,2804,2488
2409,1,2809,2435
2410,1,2810,2435
2411,1,2814,2694
2412,1,2541,2348
2413,1,2816,2273
2414,1,2816,2315
2415,1,2816,2318
2416,1,2816,2639
2417,1,2459,2554
2418,1,2459,80
2419,1,2459,2555
2420,1,2459,2558
2421,1,2459,2563
2422,1,2459,2321
2423,1,2459,730
2424,1,2459,2351
2425,1,2459,2766
2426,1,2459,2767
2427,1,2459,2768
2428,1,2459,2770
2429,1,2459,2771
2430,1,2459,2772
2431,1,2459,2773
2432,1,2459,2785
2433,1,2459,2433
2434,1,2459,2793
2435,1,2459,2829
2436,1,2459,2471
2437,1,2459,2513
2438,1,2459,2494
2439,1,2459,2496
2440,1,2460,80
2441,1,2460,2555
2442,1,2820,2831
2443,1,2463,2618
2444,1,2463,732
2445,1,2463,2345
2446,1,2463,2684
2447,1,2463,2418
2448,1,2464,2781
2449,1,2465,2529
2450,1,2465,2480
2451,1,2465,2863
2452,1,2542,2301
2453,1,2542,2593
2454,1,2542,2302
2455,1,2542,2594
2456,1,2542,2309
2457,1,2542,2629
2458,1,2542,2646
2459,1,2542,2656
2460,1,2542,2657
2461,1,2542,2351
2462,1,2542,2675
2463,1,2542,2766
2464,1,2542,2768
2465,1,2542,2434
2466,1,2542,2829
2467,1,2542,2471
2468,1,2542,2513
2469,1,2542,2504
2470,1,2825,2842
2471,1,2468,2336
2472,1,2468,2375
2473,1,2468,2538
2474,1,2826,2601
2475,1,2826,2375
2476,1,2826,2469
2477,1,2826,2827
2478,1,2469,731
2479,1,2469,2468
2480,1,2469,2826
2481,1,2827,2468
2482,1,2827,2826
2483,1,2829,2261
2484,1,2829,2544
2485,1,2829,2262
2486,1,2829,2263
2487,1,2829,2575
2488,1,2829,2625
2489,1,2829,2627
2490,1,2829,2629
2491,1,2829,2656
2492,1,2829,730
2493,1,2829,2657
2494,1,2829,731
2495,1,2829,2667
2496,1,2829,2785
2497,1,2829,2459
2498,1,2829,2542
2499,1,2829,2832
2500,1,2829,2835
2501,1,2829,2842
2502,1,2830,2625
2503,1,2830,2314
2504,1,2830,2627
2505,1,2830,2653
2506,1,2830,2832
2507,1,2830,2835
2508,1,2830,2842
2509,1,2831,2261
2510,1,2831,2544
2511,1,2831,2262
2512,1,2831,2263
2513,1,2831,2625
2514,1,2831,2627
2515,1,2831,2820
2516,1,2831,2835
2517,1,2832,2261
2518,1,2832,2544
2519,1,2832,2262
2520,1,2832,2263
2521,1,2832,2829
2522,1,2832,2830
2523,1,2832,2471
2524,1,2832,2513
2525,1,2832,2833
2526,1,2832,2834
2527,1,2471,2261
2528,1,2471,2544
2529,1,2471,2262
2530,1,2471,2263
2531,1,2471,2575
2532,1,2471,2625
2533,1,2471,2627
2534,1,2471,2629
2535,1,2471,2631
2536,1,2471,2656
2537,1,2471,730
2538,1,2471,2657
2539,1,2471,731
2540,1,2471,2667
2541,1,2471,2397
2542,1,2471,2785
2543,1,2471,2459
2544,1,2471,2542
2545,1,2471,2832
2546,1,2513,2261
2547,1,2513,2544
2548,1,2513,2262
2549,1,2513,2263
2550,1,2513,2575
2551,1,2513,2625
2552,1,2513,2627
2553,1,2513,2629
2554,1,2513,2631
2555,1,2513,2331
2556,1,2513,2656
2557,1,2513,730
2558,1,2513,2657
2559,1,2513,731
2560,1,2513,2667
2561,1,2513,2397
2562,1,2513,2785
2563,1,2513,2459
2564,1,2513,2542
2565,1,2513,2832
2566,1,2513,2835
2567,1,2513,2842
2568,1,2833,2261
2569,1,2833,2544
2570,1,2833,2262
2571,1,2833,2263
2572,1,2833,2625
2573,1,2833,2627
2574,1,2833,2832
2575,1,2833,2835
2576,1,2833,2842
2577,1,2834,2261
2578,1,2834,2544
2579,1,2834,2262
2580,1,2834,2263
2581,1,2834,2625
2582,1,2834,2627
2583,1,2834,2832
2584,1,2834,2835
2585,1,2834,2842
2586,1,2835,2261
2587,1,2835,2544
2588,1,2835,2262
2589,1,2835,2263
2590,1,2835,2622
2591,1,2835,2623
2592,1,2835,2624
2593,1,2835,2314
2594,1,2835,2760
2595,1,2835,2424
2596,1,2835,2829
2597,1,2835,2830
2598,1,2835,2831
2599,1,2835,2513
2600,1,2835,2833
2601,1,2835,2834
2602,1,2837,2592
2603,1,2478,2325
2604,1,2478,2797
2605,1,2478,2442
2606,1,2478,2443
2607,1,2478,2798
2608,1,2478,2811
2609,1,2479,2842
2610,1,2480,2622
2611,1,2480,2623
2612,1,2480,2624
2613,1,2480,2760
2614,1,2480,2424
2615,1,2480,2465
2616,1,2480,2842
2617,1,2480,2865
2618,1,2481,2357
2619,1,2481,2863
2620,1,2482,2579
2621,1,2483,2608
2622,1,2483,2793
2623,1,2483,2794
2624,1,2842,2825
2625,1,2842,2829
2626,1,2842,2830
2627,1,2842,2513
2628,1,2842,2833
2629,1,2842,2834
2630,1,2842,2480
2631,1,2842,2503
2632,1,2846,2579
2633,1,2846,2311
2634,1,2846,2658
2635,1,2846,2659
2636,1,2846,2660
2637,1,2846,2341
2638,1,2846,2342
2639,1,2846,2662
2640,1,2846,2346
2641,1,2846,2418
2642,1,2846,2799
2643,1,2847,2639
2644,1,2849,2273
2645,1,2849,2579
2646,1,2849,2618
2647,1,2849,2639
2648,1,2849,2660
2649,1,2849,2341
2650,1,2849,2342
2651,1,2849,2345
2652,1,2849,2418
2653,1,2486,2639
2654,1,2850,2273
2655,1,2850,2591
2656,1,2850,2639
2657,1,2853,2377
2658,1,2853,2698
2659,1,2853,2434
2660,1,2853,2804
2661,1,2853,2854
2662,1,2853,2856
2663,1,2854,81
2664,1,2854,2563
2665,1,2854,2642
2666,1,2854,2683
2667,1,2854,2684
2668,1,2854,2698
2669,1,2854,2393
2670,1,2854,2423
2671,1,2854,2785
2672,1,2854,2804
2673,1,2854,2853
2674,1,2854,2488
2675,1,2856,2804
2676,1,2856,2853
2677,1,2856,2488
2678,1,2488,2377
2679,1,2488,2698
2680,1,2488,2434
2681,1,2488,2804
2682,1,2488,2854
2683,1,2488,2856
2684,1,2863,2271
2685,1,2863,2357
2686,1,2863,2428
2687,1,2863,2779
2688,1,2863,2465
2689,1,2863,2481
2690,1,2864,2599
2691,1,2864,2349
2692,1,2864,2394
2693,1,2864,2405
2694,1,2864,1207
2695,1,2864,2743
2696,1,2864,2879
2697,1,2865,731
2698,1,2865,2480
2699,1,2493,731
2700,1,2866,2548
2701,1,2866,731
2702,1,2866,2427
2703,1,2494,2552
2704,1,2494,2277
2705,1,2494,2577
2706,1,2494,2580
2707,1,2494,2608
2708,1,2494,2618
2709,1,2494,2311
2710,1,2494,2418
2711,1,2494,2459
2712,1,2495,2580
2713,1,2495,2608
2714,1,2495,2618
2715,1,2495,2311
2716,1,2496,2629
2717,1,2496,2724
2718,1,2496,2459
2719,1,2499,2592
2720,1,2871,2707
2721,1,2872,2261
2722,1,2872,2544
2723,1,2872,2262
2724,1,2872,2263
2725,1,2872,2625
2726,1,2872,2314
2727,1,2872,2627
2728,1,2872,2316
2729,1,2872,2634
2730,1,2872,2686
2731,1,2874,2555
2732,1,2874,2557
2733,1,2874,2563
2734,1,2874,2321
2735,1,2874,2719
2736,1,2874,2720
2737,1,2503,80
2738,1,2503,2743
2739,1,2503,2781
2740,1,2503,2842
2741,1,2504,2542
2742,1,2504,2505
2743,1,2504,2875
2744,1,2505,2271
2745,1,2505,2575
2746,1,2505,2582
2747,1,2505,2583
2748,1,2505,2629
2749,1,2505,2630
2750,1,2505,2640
2751,1,2505,2646
2752,1,2505,2656
2753,1,2505,2657
2754,1,2505,2658
2755,1,2505,2664
2756,1,2505,2667
2757,1,2505,2351
2758,1,2505,776
2759,1,2505,2395
2760,1,2505,2732
2761,1,2505,2766
2762,1,2505,2768
2763,1,2505,2542
2764,1,2505,2504
2765,1,2875,2271
2766,1,2875,2583
2767,1,2875,2301
2768,1,2875,2593
2769,1,2875,2594
2770,1,2875,2629
2771,1,2875,2640
2772,1,2875,2646
2773,1,2875,2656
2774,1,2875,2657
2775,1,2875,2664
2776,1,2875,2351
2777,1,2875,776
2778,1,2875,2675
2779,1,2875,2395
2780,1,2875,2766
2781,1,2875,2768
2782,1,2875,2434
2783,1,2875,2504
2784,1,2506,2560
2785,1,2876,80
2786,1,2876,2435
2787,1,2211,2271
2788,1,2211,2560
2789,1,2211,2301
2790,1,2211,2593
2791,1,2211,2594
2792,1,2211,2640
2793,1,2211,2646
2794,1,2211,2664
2795,1,2211,2395
2796,1,2211,1216
2797,1,2211,2766
2798,1,2211,2768
2799,1,2877,2599
2800,1,2879,2414
2801,1,2879,2864
2802,2,2547,2587
2803,2,2547,2620
2804,2,2547,2660
2805,2,2547,2345
2806,2,2547,2746
2807,2,2547,2757
2808,2,2547,2772
2809,2,2266,2685
2810,2,27,2288
2811,2,27,2685
2812,2,27,2737
2813,2,27,2739
2814,2,2548,81
2815,2,2548,2611
2816,2,2548,2633
2817,2,2548,2733
2818,2,2268,2582
2819,2,2270,2770
2820,2,2270,2771
2821,2,2271,2587
2822,2,2271,2664
2823,2,2271,2370
2824,2,2271,2771
2825,2,2552,2552
2826,2,2552,2619
2827,2,2552,2620
2828,2,2552,2388
2829,2,2552,2389
2830,2,2273,503
2831,2,2553,2554
2832,2,2553,2558
2833,2,2553,2563
2834,2,2553,2296
2835,2,2553,2662
2836,2,2553,2344
2837,2,2553,2677
2838,2,2553,2699
2839,2,2553,2762
2840,2,2553,2763
2841,2,2553,2764
2842,2,2553,2768
2843,2,2553,2769
2844,2,2277,2555
2845,2,2277,2368
2846,2,2277,2389
2847,2,2277,2483
2848,2,2554,2553
2849,2,2554,2555
2850,2,2554,81
2851,2,2554,2558
2852,2,2554,2563
2853,2,2554,2565
2854,2,2554,2285
2855,2,2554,2296
2856,2,2554,2587
2857,2,2554,523
2858,2,2554,2340
2859,2,2554,2763
2860,2,2554,2764
2861,2,2554,2768
2862,2,2554,2769
2863,2,2554,2433
2864,2,80,81
2865,2,80,2558
2866,2,80,2563
2867,2,80,523
2868,2,80,2662
2869,2,80,2699
2870,2,80,2433
2871,2,80,2435
2872,2,2555,2277
2873,2,2555,2554
2874,2,2555,2558
2875,2,2555,2563
2876,2,2555,523
2877,2,2555,2661
2878,2,2555,2662
2879,2,2555,2699
2880,2,2555,2433
2881,2,81,2548
2882,2,81,80
2883,2,81,2874
2884,2,2557,2348
2885,2,2557,2733
2886,2,2557,2854
2887,2,2558,2554
2888,2,2558,80
2889,2,2558,2555
2890,2,2558,523
2891,2,2558,2661
2892,2,2558,2662
2893,2,2558,2699
2894,2,2558,2786
2895,2,2280,2555
2896,2,2280,81
2897,2,2280,2558
2898,2,2280,2563
2899,2,2560,2759
2900,2,2560,2810
2901,2,2561,2761
2902,2,2518,2565
2903,2,2518,2519
2904,2,2518,2677
2905,2,2563,2553
2906,2,2563,2554
2907,2,2563,80
2908,2,2563,2555
2909,2,2563,523
2910,2,2563,2662
2911,2,2563,2699
2912,2,2563,2433
2913,2,2565,2554
2914,2,2565,2518
2915,2,2565,2519
2916,2,2565,2295
2917,2,2565,2296
2918,2,2565,731
2919,2,2565,2662
2920,2,2565,2677
2921,2,2565,2699
2922,2,2565,2762
2923,2,2565,2763
2924,2,2565,2764
2925,2,2565,2768
2926,2,2565,2769
2927,2,2519,2518
2928,2,2519,2565
2929,2,2519,2285
2930,2,2285,2554
2931,2,2285,2519
2932,2,2285,2677
2933,2,2569,2608
2934,2,2574,2767
2935,2,2575,2629
2936,2,2575,2526
2937,2,2575,776
2938,2,2575,2875
2939,2,2576,2767
2940,2,2288,27
2941,2,2288,2577
2942,2,2288,2730
2943,2,2288,1207
2944,2,2577,2288
2945,2,2577,2672
2946,2,2577,2699
2947,2,2577,967
2948,2,2577,2730
2949,2,2577,1207
2950,2,2577,2412
2951,2,2577,2736
2952,2,2577,2789
2953,2,2577,2790
2954,2,2577,2791
2955,2,2577,2792
2956,2,2522,2668
2957,2,2289,2735
2958,2,2290,2735
2959,2,2579,2619
2960,2,2579,2342
2961,2,2579,2345
2962,2,2579,2540
2963,2,2294,2581
2964,2,2294,2582
2965,2,2581,2294
2966,2,2581,2581
2967,2,2582,2268
2968,2,2295,2553
2969,2,2295,2565
2970,2,2296,2553
2971,2,2296,2554
2972,2,2296,2565
2973,2,2296,731
2974,2,2296,2662
2975,2,2296,853
2976,2,2296,2762
2977,2,2296,2763
2978,2,2296,2764
2979,2,2296,2768
2980,2,2296,2769
2981,2,2587,2547
2982,2,2587,2271
2983,2,2587,2771
2984,2,2588,2596
2985,2,2588,2737
2986,2,2588,2738
2987,2,2588,2739
2988,2,2589,1021
2989,2,2589,2490
2990,2,2589,2860
2991,2,2589,2861
2992,2,2590,1021
2993,2,249,2592
2994,2,249,2340
2995,2,249,2796
2996,2,249,2797
2997,2,249,2499
2998,2,2592,249
2999,2,2300,2340
3000,2,2300,2684
3001,2,2300,2796
3002,2,2300,2797
3003,2,2300,2837
3004,2,2301,2302
3005,2,2301,2594
3006,2,2301,2629
3007,2,2301,2535
3008,2,2301,2724
3009,2,2301,1216
3010,2,2593,2302
3011,2,2593,2594
3012,2,2593,2629
3013,2,2593,2535
3014,2,2593,2724
3015,2,2593,1216
3016,2,2302,2301
3017,2,2302,2593
3018,2,2594,2301
3019,2,2594,2593
3020,2,2594,2629
3021,2,2594,2535
3022,2,2594,2724
3023,2,2594,1216
3024,2,2594,2505
3025,2,2596,2588
3026,2,2596,2737
3027,2,2596,2738
3028,2,2596,2739
3029,2,2598,2588
3030,2,2598,2737
3031,2,2598,2738
3032,2,2598,2739
3033,2,2599,2600
3034,2,2599,2304
3035,2,2599,2305
3036,2,2599,2514
3037,2,2600,2599
3038,2,2600,2305
3039,2,2303,2305
3040,2,2304,2599
3041,2,2304,2600
3042,2,2305,2600
3043,2,2305,2303
3044,2,2601,2880
3045,2,2306,2373
3046,2,2307,2373
3047,2,2603,2733
3048,2,2604,2643
3049,2,322,2528
3050,2,322,2677
3051,2,322,2678
3052,2,322,2679
3053,2,322,2680
3054,2,322,2371
3055,2,322,2372
3056,2,322,2380
3057,2,322,2722
3058,2,2607,2528
3059,2,2607,2677
3060,2,2607,2678
3061,2,2607,2679
3062,2,2607,2680
3063,2,2607,2371
3064,2,2607,2372
3065,2,2607,2380
3066,2,2607,2722
3067,2,2309,2528
3068,2,2309,2675
3069,2,2309,2677
3070,2,2309,853
3071,2,2309,2679
3072,2,2309,2680
3073,2,2309,2722
3074,2,2608,2569
3075,2,2610,2547
3076,2,2611,2548
3077,2,2612,2614
3078,2,2613,2614
3079,2,2614,2612
3080,2,2614,2613
3081,2,2618,2620
3082,2,2618,2311
3083,2,2618,2660
3084,2,2618,2345
3085,2,2618,2846
3086,2,2619,2552
3087,2,2619,2579
3088,2,2620,2547
3089,2,2620,2552
3090,2,2620,2618
3091,2,2620,2388
3092,2,2311,2618
3093,2,2311,2619
3094,2,2311,732
3095,2,2311,2342
3096,2,2311,2772
3097,2,2311,2540
3098,2,403,2524
3099,2,403,2335
3100,2,403,2336
3101,2,2621,2524
3102,2,2621,2335
3103,2,2621,2336
3104,2,2524,403
3105,2,2524,2621
3106,2,2524,2687
3107,2,2622,2625
3108,2,2622,2314
3109,2,2622,2829
3110,2,2622,2830
3111,2,2622,2831
3112,2,2622,2471
3113,2,2622,2513
3114,2,2622,2833
3115,2,2622,2834
3116,2,2623,2625
3117,2,2623,2314
3118,2,2623,2829
3119,2,2623,2830
3120,2,2623,2831
3121,2,2623,2471
3122,2,2623,2513
3123,2,2623,2833
3124,2,2623,2834
3125,2,2624,2625
3126,2,2624,2314
3127,2,2624,2829
3128,2,2624,2830
3129,2,2624,2831
3130,2,2624,2471
3131,2,2624,2513
3132,2,2624,2833
3133,2,2624,2834
3134,2,2625,2622
3135,2,2625,2624
3136,2,2625,2835
3137,2,2625,2480
3138,2,2314,2622
3139,2,2314,2623
3140,2,2314,2624
3141,2,2314,2717
3142,2,2314,2829
3143,2,2314,2831
3144,2,2314,2471
3145,2,2314,2513
3146,2,2314,2833
3147,2,2314,2834
3148,2,2627,2344
3149,2,2627,2665
3150,2,2627,2835
3151,2,2629,2575
3152,2,2629,2301
3153,2,2629,2593
3154,2,2629,2594
3155,2,2629,2526
3156,2,2629,2659
3157,2,2629,2724
3158,2,2631,2632
3159,2,2632,2631
3160,2,2632,2634
3161,2,2633,2548
3162,2,2633,2634
3163,2,2634,2632
3164,2,2634,2633
3165,2,2318,2747
3166,2,2318,2748
3167,2,2318,2847
3168,2,2318,2849
3169,2,2318,2486
3170,2,2318,2850
3171,2,2639,503
3172,2,503,2273
3173,2,503,2639
3174,2,2640,2641
3175,2,2640,2642
3176,2,2640,2401
3177,2,2641,2640
3178,2,2642,2640
3179,2,2642,2324
3180,2,2642,2401
3181,2,2321,2661
3182,2,2321,2662
3183,2,2321,2699
3184,2,2321,2433
3185,2,523,2554
3186,2,523,80
3187,2,523,2555
3188,2,523,2558
3189,2,523,2563
3190,2,2643,2604
3191,2,2646,2656
3192,2,2646,2657
3193,2,2646,2763
3194,2,2324,2642
3195,2,2325,2779
3196,2,2325,2443
3197,2,2325,2798
3198,2,2648,2726
3199,2,2649,2726
3200,2,2652,2804
3201,2,2653,2804
3202,2,2335,403
3203,2,2335,2621
3204,2,2336,403
3205,2,2336,2621
3206,2,2336,2765
3207,2,2338,2443
3208,2,2339,2779
3209,2,2340,249
3210,2,2340,2300
3211,2,2526,2575
3212,2,2526,2629
3213,2,2528,322
3214,2,2528,2607
3215,2,2528,2309
3216,2,2529,2542
3217,2,2656,2646
3218,2,2656,730
3219,2,2656,731
3220,2,2656,2729
3221,2,730,2656
3222,2,730,730
3223,2,730,2729
3224,2,730,2495
3225,2,730,2496
3226,2,2657,2646
3227,2,2657,731
3228,2,731,2565
3229,2,731,2296
3230,2,731,2656
3231,2,731,730
3232,2,731,2657
3233,2,2658,2661
3234,2,2658,2662
3235,2,2658,2344
3236,2,2658,2346
3237,2,2658,2535
3238,2,2658,1216
3239,2,2658,2732
3240,2,2658,2542
3241,2,2658,2849
3242,2,2658,2875
3243,2,732,2311
3244,2,732,2341
3245,2,732,2661
3246,2,732,2662
3247,2,732,2346
3248,2,732,2769
3249,2,732,2777
3250,2,732,2846
3251,2,2659,2629
3252,2,2659,2660
3253,2,2659,2341
3254,2,2660,2547
3255,2,2660,2618
3256,2,2660,2659
3257,2,2341,732
3258,2,2341,2659
3259,2,2341,2342
3260,2,2341,2345
3261,2,2341,2540
3262,2,2342,2579
3263,2,2342,2311
3264,2,2342,2341
3265,2,2661,2555
3266,2,2661,2558
3267,2,2661,2321
3268,2,2661,2658
3269,2,2661,732
3270,2,2661,2762
3271,2,2661,2763
3272,2,2661,2764
3273,2,2661,2768
3274,2,2661,2433
3275,2,2662,2553
3276,2,2662,80
3277,2,2662,2555
3278,2,2662,2558
3279,2,2662,2563
3280,2,2662,2565
3281,2,2662,2296
3282,2,2662,2321
3283,2,2662,2658
3284,2,2662,732
3285,2,2662,2380
3286,2,2662,2849
3287,2,2344,2553
3288,2,2344,2658
3289,2,2344,2769
3290,2,2344,2777
3291,2,2344,2846
3292,2,2345,2579
3293,2,2345,2618
3294,2,2345,2660
3295,2,2345,2846
3296,2,2346,2658
3297,2,2346,732
3298,2,2346,2380
3299,2,2346,2769
3300,2,2664,2264
3301,2,2664,2271
3302,2,2664,2766
3303,2,2665,2627
3304,2,2348,2557
3305,2,2348,2669
3306,2,2348,2394
3307,2,2348,2771
3308,2,2351,2763
3309,2,2351,2764
3310,2,2351,2765
3311,2,2351,2767
3312,2,2351,2769
3313,2,776,2575
3314,2,776,2542
3315,2,2668,2522
3316,2,2669,2348
3317,2,2669,2356
3318,2,2669,2670
3319,2,2669,2771
3320,2,2669,2806
3321,2,2356,2669
3322,2,2670,2669
3323,2,2672,2577
3324,2,2672,2699
3325,2,2672,967
3326,2,2672,2787
3327,2,2672,2790
3328,2,2672,2785
3329,2,2672,2792
3330,2,2672,2438
3331,2,2514,2599
3332,2,2675,2309
3333,2,2675,853
3334,2,2675,2768
3335,2,2677,2553
3336,2,2677,2518
3337,2,2677,2565
3338,2,2677,2285
3339,2,2677,322
3340,2,2677,2607
3341,2,2677,2309
3342,2,2677,853
3343,2,2677,2371
3344,2,2677,2372
3345,2,2677,2380
3346,2,2677,2721
3347,2,853,2296
3348,2,853,322
3349,2,853,2607
3350,2,853,2309
3351,2,853,2675
3352,2,853,2677
3353,2,853,2679
3354,2,853,2680
3355,2,853,2380
3356,2,2679,322
3357,2,2679,2607
3358,2,2679,2309
3359,2,2679,853
3360,2,2679,2380
3361,2,2679,2721
3362,2,2680,322
3363,2,2680,2607
3364,2,2680,2309
3365,2,2680,853
3366,2,2680,2380
3367,2,2680,2721
3368,2,2683,2684
3369,2,2683,2856
3370,2,2684,2300
3371,2,2684,2683
3372,2,2684,2856
3373,2,2685,2266
3374,2,2685,27
3375,2,2686,2687
3376,2,2686,2540
3377,2,2687,2524
3378,2,2687,2686
3379,2,2689,2690
3380,2,2690,2689
3381,2,2690,2691
3382,2,2691,2690
3383,2,2532,2772
3384,2,2532,2773
3385,2,2532,2814
3386,2,2368,2277
3387,2,2368,2368
3388,2,2368,2772
3389,2,2368,2773
3390,2,2368,2814
3391,2,2369,2772
3392,2,2369,2773
3393,2,2369,2814
3394,2,2694,2368
3395,2,2694,2369
3396,2,2370,2264
3397,2,2370,2271
3398,2,2371,322
3399,2,2371,2607
3400,2,2371,2677
3401,2,2371,853
3402,2,2372,322
3403,2,2372,2607
3404,2,2372,2677
3405,2,2372,853
3406,2,2373,2306
3407,2,2373,2307
3408,2,2373,2719
3409,2,2373,2720
3410,2,2698,2793
3411,2,2698,2452
3412,2,2698,2856
3413,2,2380,322
3414,2,2380,2607
3415,2,2380,2662
3416,2,2380,2346
3417,2,2380,2677
3418,2,2380,853
3419,2,2380,2679
3420,2,2380,2680
3421,2,2699,2553
3422,2,2699,80
3423,2,2699,2555
3424,2,2699,2558
3425,2,2699,2563
3426,2,2699,2565
3427,2,2699,2577
3428,2,2699,2321
3429,2,2699,2672
3430,2,2699,2412
3431,2,2699,2736
3432,2,2699,2787
3433,2,2699,2790
3434,2,2699,2791
3435,2,2699,2792
3436,2,2699,2438
3437,2,967,2577
3438,2,967,2672
3439,2,967,2412
3440,2,967,2736
3441,2,967,2787
3442,2,967,2880
3443,2,967,2791
3444,2,967,2792
3445,2,967,2438
3446,2,2384,2707
3447,2,2384,2708
3448,2,2707,2384
3449,2,2708,2706
3450,2,2535,2301
3451,2,2535,2593
3452,2,2535,2594
3453,2,2535,2658
3454,2,2388,2552
3455,2,2388,2620
3456,2,2388,2389
3457,2,2389,2277
3458,2,2389,2388
3459,2,2714,2715
3460,2,2715,2714
3461,2,1021,2589
3462,2,1021,2590
3463,2,2717,2314
3464,2,2719,2373
3465,2,2719,2854
3466,2,2720,2373
3467,2,2720,2854
3468,2,2394,2348
3469,2,2394,2503
3470,2,2721,2677
3471,2,2721,853
3472,2,2721,2679
3473,2,2721,2680
3474,2,2721,2380
3475,2,2722,322
3476,2,2722,2607
3477,2,2722,2309
3478,2,2724,2301
3479,2,2724,2593
3480,2,2724,2594
3481,2,2724,2629
3482,2,2724,2505
3483,2,2724,2875
3484,2,2397,2766
3485,2,2397,2505
3486,2,2397,2875
3487,2,2726,2648
3488,2,2726,2649
3489,2,2401,2640
3490,2,2401,2642
3491,2,2401,2324
3492,2,2536,2783
3493,2,2729,2656
3494,2,2729,730
3495,2,2730,2288
3496,2,2730,2577
3497,2,2730,2809
3498,2,1207,2288
3499,2,1207,2577
3500,2,1216,2301
3501,2,1216,2593
3502,2,1216,2594
3503,2,1216,2658
3504,2,1216,2732
3505,2,1216,2282
3506,2,1216,2505
3507,2,1216,2875
3508,2,2732,2658
3509,2,2732,1216
3510,2,2732,2769
3511,2,2732,2542
3512,2,2733,2548
3513,2,2733,2557
3514,2,2733,2603
3515,2,2733,2854
3516,2,2734,2493
3517,2,2412,2577
3518,2,2412,2672
3519,2,2412,2699
3520,2,2412,967
3521,2,2412,2737
3522,2,2412,2738
3523,2,2412,2739
3524,2,2735,2289
3525,2,2735,2290
3526,2,2736,2577
3527,2,2736,2699
3528,2,2736,967
3529,2,2736,2737
3530,2,2736,2738
3531,2,2736,2739
3532,2,2737,27
3533,2,2737,2588
3534,2,2737,2596
3535,2,2737,2598
3536,2,2737,2412
3537,2,2737,2736
3538,2,2738,2588
3539,2,2738,2596
3540,2,2738,2598
3541,2,2738,2412
3542,2,2738,2736
3543,2,2739,27
3544,2,2739,2588
3545,2,2739,2596
3546,2,2739,2598
3547,2,2739,2412
3548,2,2739,2736
3549,2,2414,2864
3550,2,2745,2459
3551,2,2418,2540
3552,2,2746,2547
3553,2,2747,2318
3554,2,2747,2847
3555,2,2747,2849
3556,2,2747,2850
3557,2,2748,2318
3558,2,2748,2816
3559,2,2748,2847
3560,2,2748,2849
3561,2,2748,2850
3562,2,2753,2820
3563,2,2753,2821
3564,2,2753,2822
3565,2,2753,2463
3566,2,2757,2547
3567,2,2759,2560
3568,2,2761,2561
3569,2,2762,2553
3570,2,2762,2565
3571,2,2762,2296
3572,2,2762,2661
3573,2,2762,2351
3574,2,2762,2765
3575,2,2762,2766
3576,2,2763,2553
3577,2,2763,2554
3578,2,2763,2565
3579,2,2763,2296
3580,2,2763,2646
3581,2,2763,2661
3582,2,2763,2351
3583,2,2763,2765
3584,2,2763,2766
3585,2,2764,2553
3586,2,2764,2554
3587,2,2764,2565
3588,2,2764,2296
3589,2,2764,2661
3590,2,2764,2351
3591,2,2764,2765
3592,2,2764,2766
3593,2,2765,2336
3594,2,2765,2351
3595,2,2765,2762
3596,2,2765,2763
3597,2,2765,2764
3598,2,2765,2766
3599,2,2765,2768
3600,2,2765,2769
3601,2,2766,23
3602,2,2766,2264
3603,2,2766,2664
3604,2,2766,2397
3605,2,2766,2762
3606,2,2766,2763
3607,2,2766,2764
3608,2,2766,2765
3609,2,2766,2767
3610,2,2766,2769
3611,2,2767,2574
3612,2,2767,2576
3613,2,2767,2351
3614,2,2767,2766
3615,2,2767,2768
3616,2,2768,2553
3617,2,2768,2554
3618,2,2768,2565
3619,2,2768,2296
3620,2,2768,2661
3621,2,2768,2675
3622,2,2768,2765
3623,2,2768,2767
3624,2,2769,2553
3625,2,2769,2554
3626,2,2769,2565
3627,2,2769,2296
3628,2,2769,732
3629,2,2769,2662
3630,2,2769,2344
3631,2,2769,2346
3632,2,2769,2351
3633,2,2769,1216
3634,2,2769,2732
3635,2,2769,2765
3636,2,2769,2766
3637,2,2770,23
3638,2,2770,2264
3639,2,2770,2270
3640,2,2771,23
3641,2,2771,2264
3642,2,2771,2270
3643,2,2771,2271
3644,2,2771,2587
3645,2,2771,2348
3646,2,2771,2669
3647,2,2772,2311
3648,2,2772,2532
3649,2,2772,2368
3650,2,2772,2369
3651,2,2773,2532
3652,2,2773,2368
3653,2,2773,2369
3654,2,2774,2787
3655,2,2774,2841
3656,2,2776,2795
3657,2,2777,732
3658,2,2777,2344
3659,2,2777,2846
3660,2,2777,2849
3661,2,2427,2779
3662,2,2779,2325
3663,2,2779,2339
3664,2,2779,2427
3665,2,2781,2435
3666,2,2429,2430
3667,2,2430,2429
3668,2,2783,2536
3669,2,2433,2554
3670,2,2433,80
3671,2,2433,2555
3672,2,2433,2558
3673,2,2433,2563
3674,2,2433,2321
3675,2,2433,2661
3676,2,2435,80
3677,2,2435,2781
3678,2,2787,2577
3679,2,2787,2672
3680,2,2787,2699
3681,2,2787,2774
3682,2,2789,2577
3683,2,2790,2577
3684,2,2790,2672
3685,2,2790,2699
3686,2,2791,2577
3687,2,2791,2672
3688,2,2791,2699
3689,2,2792,2577
3690,2,2792,2672
3691,2,2792,2699
3692,2,2438,2672
3693,2,2438,2699
3694,2,2793,2698
3695,2,2794,2443
3696,2,2795,2776
3697,2,2795,2796
3698,2,2796,249
3699,2,2796,2300
3700,2,2796,2795
3701,2,2797,249
3702,2,2797,2300
3703,2,2797,2442
3704,2,2797,2443
3705,2,2442,2797
3706,2,2442,2443
3707,2,2443,2325
3708,2,2443,2338
3709,2,2443,2794
3710,2,2443,2797
3711,2,2443,2442
3712,2,2443,2798
3713,2,2443,2803
3714,2,2798,2325
3715,2,2798,2443
3716,2,2540,2579
3717,2,2540,2311
3718,2,2540,2341
3719,2,2540,2686
3720,2,2540,2418
3721,2,2803,2797
3722,2,2452,2698
3723,2,2804,2453
3724,2,2453,2804
3725,2,2806,2669
3726,2,2809,2730
3727,2,2809,2812
3728,2,2810,2560
3729,2,2810,2811
3730,2,2811,2812
3731,2,2812,2809
3732,2,2812,2810
3733,2,2812,2811
3734,2,2814,2532
3735,2,2814,2368
3736,2,2814,2369
3737,2,2816,2748
3738,2,2459,2745
3739,2,2460,2850
3740,2,2820,2753
3741,2,2820,2463
3742,2,2821,2753
3743,2,2463,2753
3744,2,2463,2820
3745,2,2542,2529
3746,2,2542,2658
3747,2,2542,776
3748,2,2542,2732
3749,2,2829,2622
3750,2,2829,2623
3751,2,2829,2624
3752,2,2829,2314
3753,2,2829,2831
3754,2,2829,2833
3755,2,2830,2622
3756,2,2830,2623
3757,2,2830,2624
3758,2,2830,2831
3759,2,2830,2833
3760,2,2831,2622
3761,2,2831,2623
3762,2,2831,2624
3763,2,2831,2314
3764,2,2831,2829
3765,2,2831,2830
3766,2,2831,2471
3767,2,2831,2513
3768,2,2831,2834
3769,2,2471,2622
3770,2,2471,2623
3771,2,2471,2624
3772,2,2471,2314
3773,2,2471,2831
3774,2,2513,2622
3775,2,2513,2623
3776,2,2513,2624
3777,2,2513,2314
3778,2,2513,2831
3779,2,2513,2833
3780,2,2833,2622
3781,2,2833,2623
3782,2,2833,2624
3783,2,2833,2314
3784,2,2833,2829
3785,2,2833,2830
3786,2,2833,2513
3787,2,2833,2834
3788,2,2834,2622
3789,2,2834,2623
3790,2,2834,2624
3791,2,2834,2314
3792,2,2834,2831
3793,2,2834,2833
3794,2,2835,2625
3795,2,2835,2627
3796,2,2835,2842
3797,2,2837,2261
3798,2,2837,2544
3799,2,2837,2262
3800,2,2837,2263
3801,2,2837,2300
3802,2,2478,2560
3803,2,2479,2560
3804,2,2479,2478
3805,2,2480,2625
3806,2,2841,2774
3807,2,2483,2277
3808,2,2842,2835
3809,2,2846,2618
3810,2,2846,732
3811,2,2846,2344
3812,2,2846,2345
3813,2,2846,2777
3814,2,2846,2849
3815,2,2847,2318
3816,2,2847,2747
3817,2,2847,2748
3818,2,2849,2318
3819,2,2849,2658
3820,2,2849,2662
3821,2,2849,2346
3822,2,2849,2747
3823,2,2849,2748
3824,2,2849,2777
3825,2,2849,2846
3826,2,2486,2318
3827,2,2850,2318
3828,2,2850,2747
3829,2,2850,2748
3830,2,2850,2460
3831,2,2854,2557
3832,2,2854,2719
3833,2,2854,2720
3834,2,2854,2733
3835,2,2856,2683
3836,2,2856,2684
3837,2,2856,2698
3838,2,2490,2589
3839,2,2860,2589
3840,2,2861,2589
3841,2,2864,2414
3842,2,2493,2734
3843,2,2495,730
3844,2,2496,730
3845,2,2869,2870
3846,2,2499,249
3847,2,2499,2300
3848,2,2870,2869
3849,2,2872,2500
3850,2,2500,2872
3851,2,2874,81
3852,2,2503,2394
3853,2,2505,2594
3854,2,2505,2724
3855,2,2505,2397
3856,2,2505,1216
3857,2,2505,2875
3858,2,2875,2575
3859,2,2875,2658
3860,2,2875,2667
3861,2,2875,2724
3862,2,2875,2397
3863,2,2875,1216
3864,2,2875,2505
3865,2,2233,2325
3866,2,2880,2601
3867,3,2261,2544
3868,3,2261,2262
3869,3,2261,2263
3870,3,2544,2261
3871,3,2544,2262
3872,3,2544,2263
3873,3,2262,2261
3874,3,2262,2544
3875,3,2262,2263
3876,3,2263,2261
3877,3,2263,2544
3878,3,2263,2262
3879,3,23,2264
3880,3,2264,23
3881,3,2265,2545
3882,3,2265,2546
3883,3,2545,2265
3884,3,2545,2546
3885,3,2546,2265
3886,3,2546,2545
3887,3,2266,27
3888,3,27,2266
3889,3,2270,2271
3890,3,2271,2270
3891,3,2273,2638
3892,3,2273,2639
3893,3,2553,2566
3894,3,2553,2285
3895,3,2553,2295
3896,3,2277,2579
3897,3,2554,2662
3898,3,2554,2699
3899,3,80,2555
3900,3,2555,80
3901,3,81,2557
3902,3,81,2633
3903,3,2557,81
3904,3,2557,2633
3905,3,2280,2554
3906,3,2280,80
3907,3,2559,2693
3908,3,2518,2285
3909,3,2563,2675
3910,3,2565,2553
3911,3,2565,2285
3912,3,2285,2553
3913,3,2285,2518
3914,3,2285,2565
3915,3,2567,2520
3916,3,2520,2567
3917,3,2574,2575
3918,3,2574,2576
3919,3,2575,2574
3920,3,2575,2353
3921,3,2575,2542
3922,3,2576,2574
3923,3,2576,2576
3924,3,2289,2290
3925,3,2289,2523
3926,3,2290,2289
3927,3,2290,2523
3928,3,2523,2289
3929,3,2523,2290
3930,3,2579,2277
3931,3,2579,2579
3932,3,2581,2582
3933,3,2582,2581
3934,3,2295,2296
3935,3,2295,2677
3936,3,2296,2295
3937,3,2587,2588
3938,3,2588,2587
3939,3,2589,2590
3940,3,2590,2589
3941,3,249,2300
3942,3,2592,2300
3943,3,2300,249
3944,3,2300,2592
3945,3,2301,2593
3946,3,2593,2301
3947,3,2596,2598
3948,3,2598,2596
3949,3,2599,2303
3950,3,2303,2599
3951,3,2304,2305
3952,3,2305,2304
3953,3,2305,2514
3954,3,2602,2306
3955,3,2602,2307
3956,3,2602,2373
3957,3,2306,2602
3958,3,2306,2307
3959,3,2307,2602
3960,3,2307,2306
3961,3,322,2607
3962,3,322,2309
3963,3,322,2721
3964,3,2607,322
3965,3,2607,2309
3966,3,2309,322
3967,3,2309,2607
3968,3,2309,2721
3969,3,2612,2613
3970,3,2613,2612
3971,3,2615,2616
3972,3,2616,2615
3973,3,2618,2619
3974,3,2618,2620
3975,3,2618,2342
3976,3,2618,2540
3977,3,2619,2618
3978,3,2619,2620
3979,3,2620,2619
3980,3,2620,2311
3981,3,2311,2620
3982,3,2311,2660
3983,3,2311,2345
3984,3,2622,2623
3985,3,2622,2624
3986,3,2623,2622
3987,3,2623,2623
3988,3,2623,2625
3989,3,2624,2622
3990,3,2624,2623
3991,3,2625,2623
3992,3,2629,2342
3993,3,2629,2397
3994,3,2630,2631
3995,3,2630,2632
3996,3,2631,2630
3997,3,2632,2630
3998,3,2316,2633
3999,3,2316,2634
4000,3,2633,81
4001,3,2633,2557
4002,3,2633,2316
4003,3,2634,2316
4004,3,2637,2466
4005,3,2318,2638
4006,3,2318,2639
4007,3,2318,503
4008,3,2638,2273
4009,3,2638,2318
4010,3,2638,2639
4011,3,2638,503
4012,3,2639,2273
4013,3,2639,2318
4014,3,2639,2638
4015,3,503,2318
4016,3,503,2638
4017,3,2641,2642
4018,3,2642,2641
4019,3,2321,2562
4020,3,2321,523
4021,3,523,2321
4022,3,2645,2698
4023,3,2645,2779
4024,3,2646,2471
4025,3,2646,2513
4026,3,2325,2442
4027,3,2648,2649
4028,3,2649,2648
4029,3,2652,2653
4030,3,2652,2813
4031,3,2653,2652
4032,3,2653,2813
4033,3,2335,2336
4034,3,2336,2335
4035,3,2338,2753
4036,3,2338,2803
4037,3,2526,2527
4038,3,2526,2528
4039,3,2527,2526
4040,3,2527,2528
4041,3,2528,2526
4042,3,2528,2527
4043,3,2656,2657
4044,3,730,2657
4045,3,2657,2656
4046,3,2657,730
4047,3,2658,2769
4048,3,732,2344
4049,3,2660,2311
4050,3,2660,2341
4051,3,2341,2660
4052,3,2342,2618
4053,3,2342,2629
4054,3,2661,2662
4055,3,2662,2554
4056,3,2662,2661
4057,3,2662,2344
4058,3,2662,2346
4059,3,2344,732
4060,3,2344,2662
4061,3,2344,2346
4062,3,2344,2849
4063,3,2345,2547
4064,3,2345,2311
4065,3,2345,2540
4066,3,2346,2662
4067,3,2346,2344
4068,3,2664,2370
4069,3,2664,2771
4070,3,2349,2667
4071,3,2349,2743
4072,3,2667,2349
4073,3,2667,2667
4074,3,2667,776
4075,3,2667,2542
4076,3,2351,2766
4077,3,2351,2768
4078,3,776,2667
4079,3,776,2353
4080,3,2353,2575
4081,3,2353,2667
4082,3,2353,776
4083,3,2352,2351
4084,3,2356,2670
4085,3,2356,2806
4086,3,2670,2356
4087,3,2670,2806
4088,3,2364,2514
4089,3,2514,2305
4090,3,2514,2364
4091,3,2675,2563
4092,3,2677,2295
4093,3,2677,2296
4094,3,2677,2679
4095,3,2677,2680
4096,3,2679,2677
4097,3,2679,2680
4098,3,2679,2371
4099,3,2679,2372
4100,3,2680,2677
4101,3,2680,2679
4102,3,2680,2371
4103,3,2680,2372
4104,3,2685,2686
4105,3,2685,2687
4106,3,2686,2685
4107,3,2687,2685
4108,3,2689,2691
4109,3,2691,2689
4110,3,2693,2559
4111,3,2532,2368
4112,3,2532,2369
4113,3,2532,2694
4114,3,2368,2532
4115,3,2368,2369
4116,3,2369,2532
4117,3,2369,2368
4118,3,2694,2532
4119,3,2370,2664
4120,3,2371,2679
4121,3,2371,2680
4122,3,2371,2372
4123,3,2372,2679
4124,3,2372,2680
4125,3,2372,2371
4126,3,2373,2602
4127,3,2697,2374
4128,3,2374,2697
4129,3,2377,2378
4130,3,2378,2377
4131,3,2698,2645
4132,3,2699,2554
4133,3,2699,967
4134,3,967,2699
4135,3,2700,2701
4136,3,2701,2700
4137,3,2702,2534
4138,3,2534,2702
4139,3,2707,2708
4140,3,2708,2707
4141,3,2709,2442
4142,3,2710,2535
4143,3,2535,2710
4144,3,2719,2720
4145,3,2720,2719
4146,3,2721,322
4147,3,2721,2607
4148,3,2721,2309
4149,3,2721,2722
4150,3,2722,2721
4151,3,2724,2397
4152,3,2397,2629
4153,3,2397,2724
4154,3,2730,1207
4155,3,1207,2731
4156,3,1216,2542
4157,3,2734,2735
4158,3,2412,2736
4159,3,2735,2734
4160,3,2736,2412
4161,3,2737,2738
4162,3,2737,2739
4163,3,2738,2737
4164,3,2738,2739
4165,3,2739,2737
4166,3,2739,2738
4167,3,2743,2349
4168,3,2747,2748
4169,3,2747,2816
4170,3,2748,2747
4171,3,2421,2841
4172,3,2753,2338
4173,3,2755,2757
4174,3,2757,2755
4175,3,2760,2760
4176,3,2424,2424
4177,3,2762,2763
4178,3,2762,2764
4179,3,2762,2768
4180,3,2762,2769
4181,3,2763,2762
4182,3,2763,2764
4183,3,2763,2768
4184,3,2763,2769
4185,3,2764,2762
4186,3,2764,2763
4187,3,2764,2768
4188,3,2764,2769
4189,3,2765,2576
4190,3,2766,2351
4191,3,2766,2768
4192,3,2768,2351
4193,3,2768,2762
4194,3,2768,2763
4195,3,2768,2764
4196,3,2768,2766
4197,3,2768,2769
4198,3,2769,2658
4199,3,2769,2762
4200,3,2769,2763
4201,3,2769,2764
4202,3,2769,2768
4203,3,2770,2771
4204,3,2771,2664
4205,3,2771,2770
4206,3,2772,2547
4207,3,2772,2773
4208,3,2772,2814
4209,3,2773,2772
4210,3,2773,2814
4211,3,2427,2428
4212,3,2428,2427
4213,3,2428,2779
4214,3,2779,2645
4215,3,2779,2428
4216,3,2787,2789
4217,3,2787,2790
4218,3,2787,2791
4219,3,2787,2792
4220,3,2787,2438
4221,3,2789,2787
4222,3,2789,2790
4223,3,2789,2791
4224,3,2789,2792
4225,3,2789,2438
4226,3,2790,2787
4227,3,2790,2789
4228,3,2790,2791
4229,3,2790,2792
4230,3,2790,2438
4231,3,2791,2787
4232,3,2791,2789
4233,3,2791,2790
4234,3,2791,2792
4235,3,2791,2438
4236,3,2792,2787
4237,3,2792,2789
4238,3,2792,2790
4239,3,2792,2791
4240,3,2792,2438
4241,3,2438,2787
4242,3,2438,2789
4243,3,2438,2790
4244,3,2438,2791
4245,3,2438,2792
4246,3,2793,2794
4247,3,2794,2793
4248,3,2441,2795
4249,3,2441,2796
4250,3,2795,2441
4251,3,2796,2441
4252,3,2442,2325
4253,3,2442,2709
4254,3,2444,2799
4255,3,2799,2444
4256,3,2540,2618
4257,3,2540,2345
4258,3,2803,2338
4259,3,2449,2450
4260,3,2450,2449
4261,3,2452,2804
4262,3,2452,2453
4263,3,2804,2652
4264,3,2804,2653
4265,3,2804,2452
4266,3,2453,2452
4267,3,2806,2356
4268,3,2806,2670
4269,3,2806,2807
4270,3,2806,2808
4271,3,2807,2806
4272,3,2807,2808
4273,3,2808,2806
4274,3,2808,2807
4275,3,2809,2810
4276,3,2809,2811
4277,3,2810,2809
4278,3,2810,2538
4279,3,2811,2809
4280,3,2811,2810
4281,3,2813,2652
4282,3,2813,2653
4283,3,2814,2772
4284,3,2814,2773
4285,3,2814,2541
4286,3,2541,2814
4287,3,2816,2747
4288,3,2818,2853
4289,3,2819,2461
4290,3,2461,2819
4291,3,2820,2821
4292,3,2821,2820
4293,3,2463,2821
4294,3,2823,2876
4295,3,2466,2637
4296,3,2542,2575
4297,3,2542,2667
4298,3,2542,1216
4299,3,2468,2826
4300,3,2468,2469
4301,3,2468,2827
4302,3,2826,2468
4303,3,2469,2827
4304,3,2827,2469
4305,3,2829,2646
4306,3,2829,2830
4307,3,2829,2471
4308,3,2829,2513
4309,3,2829,2834
4310,3,2830,2261
4311,3,2830,2544
4312,3,2830,2262
4313,3,2830,2263
4314,3,2830,2829
4315,3,2830,2471
4316,3,2830,2513
4317,3,2830,2834
4318,3,2831,2832
4319,3,2831,2833
4320,3,2832,2831
4321,3,2832,2835
4322,3,2471,2646
4323,3,2471,2829
4324,3,2471,2830
4325,3,2471,2513
4326,3,2513,2646
4327,3,2513,2829
4328,3,2513,2830
4329,3,2513,2471
4330,3,2513,2834
4331,3,2833,2831
4332,3,2834,2829
4333,3,2834,2830
4334,3,2834,2513
4335,3,2835,2832
4336,3,2839,2840
4337,3,2840,2839
4338,3,2841,2421
4339,3,2847,2849
4340,3,2847,2486
4341,3,2847,2850
4342,3,2849,732
4343,3,2849,2344
4344,3,2849,2847
4345,3,2849,2486
4346,3,2849,2850
4347,3,2486,2847
4348,3,2486,2849
4349,3,2486,2850
4350,3,2850,2847
4351,3,2850,2849
4352,3,2850,2486
4353,3,2853,2818
4354,3,2853,2488
4355,3,2854,2856
4356,3,2856,2854
4357,3,2488,2853
4358,3,2857,2859
4359,3,2859,2857
4360,3,2490,2860
4361,3,2490,2861
4362,3,2860,2490
4363,3,2860,2861
4364,3,2861,2490
4365,3,2861,2860
4366,3,2865,2493
4367,3,2865,2866
4368,3,2493,2865
4369,3,2493,2866
4370,3,2866,2865
4371,3,2866,2493
4372,3,2494,2699
4373,3,2494,2496
4374,3,2495,2579
4375,3,2496,2494
4376,3,2867,2868
4377,3,2868,2867
4378,3,2869,2871
4379,3,2870,2817
4380,3,2871,2869
4381,3,2871,2870
4382,3,2503,2876
4383,3,2875,2542
4384,3,2876,2823
4385,3,2876,2503
